PAÍSES;PRODUTO;1970;1970;1971;1971;1972;1972;1973;1973;1974;1974;1975;1975;1976;1976;1977;1977;1978;1978;1979;1979;1980;1980;1981;1981;1982;1982;1983;1983;1984;1984;1985;1985;1986;1986;1987;1987;1988;1988;1989;1989;1990;1990;1991;1991;1992;1992;1993;1993;1994;1994;1995;1995;1996;1996;1997;1997;1998;1998;1999;1999;2000;2000;2001;2001;2002;2002;2003;2003;2004;2004;2005;2005;2006;2006;2007;2007;2008;2008;2009;2009;2010;2010;2011;2011;2012;2012;2013;2013;2014;2014;2015;2015;2016;2016;2017;2017;2018;2018;2019;2019;2020;2020;2021;2021;2022;2022
África do Sul;VINHOS DE MESA;0;0;0;0;0;0;0;0;0;0;0;0;0;0;0;0;0;0;0;0;0;0;0;0;0;0;0;0;0;0;0;0;0;0;0;0;0;0;0;0;0;0;0;0;0;0;0;0;0;0;0;0;0;0;0;0;0;0;0;0;0;0;42661;99201;32194;106317;157239;305701;303489;665101;407413;775421;358870;1164032;386425;1320244;315380;1151699;493093;1931449;966276;3600658;507509;2136394;722327;3041449;475331;1985184;722715;3033932;743335;2996543;578829;1686226;1138732;3241298;1127053;3574371;1092042;3604038;627150;1701072;859169;2508140;738116;2266827
Alemanha;VINHOS DE MESA;52297;30498;34606;26027;134438;92103;111523;98638;219173;202502;134354;149931;168134;171308;160926;201840;437831;668631;433478;691404;457033;704307;707194;853830;996948;1126928;850055;908380;586645;564129;1069717;1122438;2357113;3008737;1307519;1863924;2029271;2757417;2885143;4074739;3342223;5875679;3096425;4545305;2515557;3644055;5721360;7155615;11047710;16068528;11919346;19758144;8680860;10629243;4867017;5108215;3014081;4834030;2576557;4539354;1164724;1668539;909077;1169872;759712;829695;573198;629664;420075;550750;253685;382599;314749;634870;234006;647626;293935;1063825;56075;291876;192661;784674;198025;933545;113243;591167;114866;414070;115804;483316;95171;358275;158386;606333;83289;315959;142971;516975;101055;412794;136992;504168;106541;546967;92600;438595
Argélia;VINHOS DE MESA;0;0;0;0;0;0;0;0;0;0;0;0;0;0;0;0;0;0;0;0;0;0;0;0;0;0;0;0;0;0;0;0;0;0;0;0;0;0;0;0;0;0;0;0;0;0;0;0;0;0;0;0;0;0;0;0;0;0;0;0;0;0;0;0;0;0;0;0;0;0;0;0;0;0;0;0;0;0;0;0;0;0;0;0;0;0;0;0;0;0;0;0;0;43;0;0;0;0;0;0;0;0;0;0;0;0
Arábia Saudita;VINHOS DE MESA;0;0;0;0;0;0;0;0;0;0;0;0;0;0;0;0;0;0;0;0;0;0;0;0;0;0;0;0;0;0;0;0;0;0;0;0;0;0;0;0;0;0;0;0;0;0;0;0;0;0;0;0;0;0;0;0;0;0;0;0;0;0;0;0;0;0;0;0;0;0;0;0;0;0;0;0;0;0;0;0;0;0;0;0;0;0;0;0;0;0;0;0;0;43;0;0;563;3249;0;0;0;0;2510;8761;0;0
Argentina;VINHOS DE MESA;19525;12260;24942;15022;104906;58137;116887;76121;215930;167473;145823;90855;348653;277507;408399;395615;614134;709813;646978;888941;298471;479464;131738;209173;191972;264487;132634;188625;42438;64603;114570;164424;170413;242678;98854;136841;414931;590758;716062;1153585;455774;721398;852441;1493649;444896;815668;359542;795068;446315;730091;1397904;1992083;779008;1438076;1013306;2089559;1295190;3073775;2475780;5284871;2724941;6556544;2585537;6196286;3867336;6894469;5720024;9653634;10202602;17142493;10845213;21623751;11939727;25822840;15621172;36160548;14417761;37382581;13902750;38521731;16965266;52126581;16673491;58806736;14613839;55633562;12732815;49524694;13437321;53815956;12465041;48043201;14098009;45214862;15461740;51770842;15221318;52817642;16548931;54527380;22610267;66322932;26869241;79527959;27980574;87519642
Armênia;VINHOS DE MESA;0;0;0;0;0;0;0;0;0;0;0;0;0;0;0;0;0;0;0;0;0;0;0;0;0;0;0;0;0;0;0;0;0;0;0;0;0;0;0;0;0;0;0;0;0;0;0;0;0;0;0;0;0;0;0;0;0;0;0;0;0;0;0;0;0;0;0;0;0;0;0;0;0;0;0;0;0;0;0;0;0;0;0;0;0;0;0;0;0;0;0;0;0;0;0;0;0;0;0;0;0;0;0;0;2385;13668
Austrália;VINHOS DE MESA;0;0;0;0;0;0;0;0;0;0;0;0;0;0;0;0;0;0;0;0;0;0;0;0;0;0;0;0;0;0;0;0;0;0;0;0;0;0;0;0;0;0;0;0;0;0;0;0;0;0;0;0;0;0;0;0;0;0;0;0;130097;446892;179310;636740;148916;446693;126441;344316;192539;561291;324162;901226;254407;1059677;363611;1583361;215135;1248671;270908;998680;405271;1864846;824440;2811273;615334;2474783;553190;1703815;236742;1008851;395030;1261810;498515;1537834;354641;1246545;3518;21664;16292;1214643;212595;792051;366875;1383093;579279;1590059
Áustria;VINHOS DE MESA;1328;707;0;0;353;520;2310;2081;5301;7394;8835;5560;0;0;0;0;600;386;4250;3756;2385;5878;0;0;0;0;8400;7581;0;0;11830;5016;1740;3508;2520;7650;1800;7045;0;0;0;0;6180;21658;0;0;3580;5128;910;5612;1080;6205;0;0;4404;10594;8926;59378;83930;661104;0;0;770;0;0;0;0;0;1170;24677;1688;17321;1351;8359;1688;35247;11388;73348;1895;12073;2329;30075;6357;56227;8098;85116;56849;227204;2770;32116;360;3891;1485;7551;2655;24629;513995;1567866;348289;128379;6540;52348;13427;141822;7403;53974
Bermudas;VINHOS DE MESA;0;;0;0;0;0;0;0;0;0;0;0;0;0;0;0;0;0;0;0;0;0;0;0;0;0;0;0;0;0;0;0;0;0;0;0;0;0;0;0;0;0;0;0;0;0;0;0;0;0;0;0;0;0;0;0;0;0;0;0;0;0;0;0;0;0;0;0;0;0;0;0;0;0;0;0;0;0;0;0;0;0;0;0;0;0;0;0;0;0;0;0;0;0;0;0;0;0;0;0;0;0;10;141;1;4
Bélgica;VINHOS DE MESA;0;0;0;0;0;0;0;0;0;0;0;0;0;0;0;0;0;0;0;0;0;0;0;0;0;0;0;0;0;0;0;0;0;0;0;0;0;0;0;0;0;0;0;0;20700;30575;882;1391;0;0;0;0;0;0;13791;95375;9363;40899;5550;23433;0;0;0;0;0;0;0;0;0;0;0;0;0;0;0;0;0;0;0;0;0;0;0;0;0;0;0;0;0;0;0;0;7;1090;4376;45221;163;1201;7;30;0;0;0;0;0;0
Bolívia;VINHOS DE MESA;0;0;0;0;0;0;0;0;0;0;0;0;0;0;0;0;0;0;0;0;0;0;0;0;0;0;0;0;0;0;0;0;0;0;0;0;0;0;0;0;0;0;0;0;0;0;0;0;0;0;0;0;0;0;0;0;0;0;0;0;0;0;0;0;0;0;0;0;0;0;0;0;0;0;540;1348;0;0;0;0;0;0;0;0;0;0;0;0;0;0;0;0;0;0;0;0;0;0;0;0;0;0;0;0;0;0
Bósnia-Herzegovina;VINHOS DE MESA;0;0;0;0;0;0;0;0;0;0;0;0;0;0;0;0;0;0;0;0;0;0;0;0;0;0;0;0;0;0;0;0;0;0;0;0;0;0;0;0;0;0;0;0;0;0;0;0;0;0;0;0;0;0;0;0;0;0;0;0;0;0;0;0;0;0;0;0;0;0;0;0;0;0;0;0;0;0;0;0;0;0;0;0;0;0;0;0;0;0;0;0;0;0;0;0;0;0;0;0;1218;902;0;0;0;0
Brasil;VINHOS DE MESA;0;0;0;0;0;0;0;0;0;0;0;0;0;0;0;0;0;0;0;0;0;0;0;0;0;0;0;0;0;0;0;0;0;0;0;0;0;0;0;0;0;0;0;0;0;0;0;0;0;0;0;0;0;0;0;0;0;0;0;0;0;0;0;0;0;0;0;0;2088;16212;3007;20041;2930;12527;3513;19633;309;1769;0;0;7;232;93;1164;1051;15016;473;5747;449;6011;1359;12919;183;2127;845617;260135;18040;121806;29295;246008;4347;41213;12602;39816;1;5
Bulgária;VINHOS DE MESA;0;0;0;0;0;0;0;0;0;0;0;0;0;0;0;0;0;0;0;0;0;0;0;0;0;0;0;0;0;0;0;0;0;0;0;0;0;0;0;0;0;0;0;0;0;0;0;0;0;0;0;0;0;0;0;0;0;0;0;0;0;0;0;0;0;0;0;0;0;0;0;0;0;0;0;0;0;0;0;0;20997;94727;1097;2527;0;0;5947;21988;15019;46857;17244;51678;17777;55253;35284;68234;16166;17550;10944;9915;23110;58319;34185;105623;29929;43221
Canadá;VINHOS DE MESA;0;0;0;0;0;0;0;0;0;0;0;0;0;0;0;0;0;0;0;0;0;0;0;0;0;0;0;0;0;0;0;0;0;0;0;0;0;0;0;0;0;0;0;0;0;0;0;0;0;0;0;0;0;0;0;0;0;0;0;0;0;0;0;0;0;0;0;0;0;0;0;0;0;0;0;0;396;30957;0;0;0;0;2322;35032;0;0;0;0;1530;25958;0;0;0;0;0;0;301;17418;0;0;0;0;0;0;884;11607
Chile;VINHOS DE MESA;162370;101819;74406;52240;161736;95654;301559;212140;550691;429885;952233;764780;2175650;1574474;2593464;1962448;3742918;3415769;4235991;4315227;2568586;3199365;1647720;2344875;786016;1124272;598657;781217;490217;527176;1114665;1195151;1347894;1416109;914549;1008445;1240065;1474473;2020687;2675722;1530497;2034195;1424430;1869655;1073114;1421889;1633996;2655683;2347724;3822138;2622381;4165531;1964361;3273873;2951870;5453225;3203054;6005098;4312887;8756515;5559322;12096840;5160203;11122691;6200375;11626770;7955549;16120955;11134141;22521618;11647128;25645333;15194205;36681244;18845522;47680946;18662626;50748373;22476643;61380795;26434744;72983389;26642889;84952500;30258795;93315735;28288212;90281256;35479279;113375484;36686870;107684380;43400991;123183079;51787643;145628860;51104825;144731210;52697108;145471294;72726186;176540499;69617587;182568098;68881232;184335335
China;VINHOS DE MESA;0;0;0;0;0;0;0;0;0;0;0;0;0;0;0;0;0;0;0;0;0;0;0;0;0;0;0;0;0;0;0;0;0;0;0;0;0;0;0;0;0;0;0;0;0;0;0;0;0;0;0;0;0;0;0;0;0;0;0;0;0;0;0;0;0;0;0;0;0;0;0;0;22;496;459;4235;6858;32738;0;0;0;0;0;0;0;0;0;0;0;0;0;0;108;213;1000;613;5;472;317;2458;0;0;0;0;0;0
Coreia do Sul, República;VINHOS DE MESA;0;0;0;0;0;0;0;0;0;0;0;0;0;0;0;0;0;0;0;0;0;0;0;0;0;0;0;0;0;0;0;0;0;0;0;0;0;0;0;0;0;0;0;0;0;0;0;0;0;0;0;0;0;0;0;0;0;0;0;0;0;0;0;0;0;0;0;0;450;560;0;0;800;600;0;0;0;0;0;0;0;0;0;0;0;0;0;0;0;0;0;0;0;0;0;0;0;0;0;0;0;0;0;0;0;0
Croácia;VINHOS DE MESA;0;0;0;0;0;0;0;0;0;0;0;0;0;0;0;0;0;0;0;0;0;0;0;0;0;0;0;0;0;0;0;0;0;0;0;0;0;0;0;0;0;0;0;0;0;0;0;0;0;0;0;0;0;0;0;0;0;0;0;0;0;0;0;0;0;0;0;0;0;0;0;0;0;0;0;0;0;0;0;0;0;0;450;12388;630;16571;0;0;0;0;2069;3779;0;0;0;0;0;0;450;2900;0;0;17343;78954;887;35563
Emirados Árabes Unidos;VINHOS DE MESA;0;0;0;0;0;0;0;0;0;0;0;0;0;0;0;0;0;0;0;0;0;0;0;0;0;0;0;0;0;0;0;0;0;0;0;0;0;0;0;0;0;0;0;0;0;0;0;0;0;0;0;0;0;0;0;0;0;0;0;0;0;0;0;0;0;0;0;0;0;0;0;0;0;0;0;0;0;0;0;0;0;0;0;0;0;0;0;0;35;1138;529;10093;2175;35489;0;0;0;0;0;0;0;0;0;0;0;0
Eslovênia;VINHOS DE MESA;0;0;0;0;0;0;0;0;0;0;0;0;0;0;0;0;0;0;0;0;0;0;0;0;0;0;0;0;0;0;0;0;0;0;0;0;0;0;0;0;0;0;0;0;0;0;0;0;0;0;0;0;0;0;0;0;0;0;0;0;0;0;0;0;0;0;0;0;0;0;0;0;0;0;0;0;0;0;0;0;0;0;3600;62602;433;1223;2192;25307;4190;23377;4640;24190;14366;46972;0;0;20976;68521;30968;101190;11392;39771;42944;172141;31509;127726
Eslováquia;VINHOS DE MESA;0;0;0;0;0;0;0;0;0;0;0;0;0;0;0;0;0;0;0;0;0;0;0;0;0;0;0;0;0;0;0;0;0;0;0;0;0;0;0;0;0;0;0;0;0;0;0;0;0;0;0;0;0;0;0;0;0;0;0;0;0;0;0;0;0;0;0;0;0;0;0;0;0;0;0;0;0;0;0;0;0;0;0;0;0;0;0;0;0;0;0;0;1305;3878;21424;64828;10800;17938;459;3160;0;0;0;0;0;0
Espanha;VINHOS DE MESA;261126;90159;140507;50191;300582;116710;226805;117135;362577;215208;174608;123102;52474;41000;105667;98238;87767;75364;103825;92476;111381;109277;56316;59696;119748;104790;65961;60450;7200;8421;61924;59833;52429;61130;71472;101606;67339;108259;54954;130171;132157;503357;52892;169698;51921;144087;48534;128664;166267;362863;385466;669208;510076;939905;352213;1142017;370580;1328280;396453;1906389;531425;1699237;624644;2360928;435422;1503384;410133;1721562;603666;2092080;508494;2504139;971869;4288963;862045;4506858;990697;6036397;1119540;6224187;1622100;8698824;1999970;11175636;2540209;11724946;2772104;13570874;2760797;12797753;3024533;11396855;3948614;12221512;7240535;19834451;5595268;19353631;5797980;17111436;7169384;19802061;8793911;23795616;6487047;17187749
Estados Unidos;VINHOS DE MESA;0;0;915;190;2156;1337;0;0;0;0;965;3761;1800;2575;2250;3275;58050;67752;32400;36360;32400;36720;28350;33443;40563;52983;21654;24570;0;0;11025;15805;5796;9218;16517;17965;6120;7880;14400;53390;27900;142509;25655;62170;16836;44552;77914;177471;93789;212884;142331;313916;275864;454266;511333;1122364;381199;885162;674683;992353;426442;899698;374590;1036201;139693;357913;173327;448844;79531;255328;53043;245198;61283;355478;79376;334204;65956;542331;85393;702825;194774;1344921;369806;1756901;379329;1995929;518888;2817086;788773;4171731;775131;3848755;725420;2924715;1372347;4110641;548655;2584781;534870;2400830;366584;2119234;506405;2809649;393211;3023220
França;VINHOS DE MESA;91544;78135;88714;72978;176688;173001;259060;435641;316584;465175;191546;278746;284613;423696;322033;476983;355292;633098;458369;795004;248038;508338;303063;479427;313977;424752;267008;329128;117087;138156;540136;735516;625421;980754;340250;653846;435573;724549;701300;1422973;479460;1807082;503488;1870305;356417;888246;924323;2132215;1821215;3935308;2043172;5026251;1917908;4370132;3388528;8771794;3853865;12027414;3529422;10122865;3431635;8467949;3118460;7968430;2355088;6060888;1958362;6093629;2092261;6201807;1671209;5783702;2561966;10507604;2737947;14721769;2466277;16275708;2372448;16893114;2799118;18778566;3329437;22917012;3181440;21636175;3265362;23336291;3592782;27480375;3617130;19353291;3831566;15940341;5921728;25280255;4653789;22688105;5324383;24299524;5658139;24894394;6241310;31428188;4911903;25955232
Geórgia;VINHOS DE MESA;0;0;0;0;0;0;0;0;0;0;0;0;0;0;0;0;0;0;0;0;0;0;0;0;0;0;0;0;0;0;0;0;0;0;0;0;0;0;0;0;0;0;0;0;0;0;0;0;0;0;0;0;0;0;0;0;0;0;0;0;0;0;0;0;0;0;0;0;0;0;0;0;0;0;0;0;0;0;0;0;0;0;0;0;0;0;33750;134202;0;0;0;0;0;0;0;0;8164;20416;21748;41161;20274;42948;19188;32901;12506;26983
Geórgia do Sul e Sandwich do Sul, Ilhas;VINHOS DE MESA;0;0;0;0;0;0;0;0;0;0;0;0;0;0;0;0;0;0;0;0;0;0;0;0;0;0;0;0;0;0;0;0;0;0;0;0;0;0;0;0;0;0;0;0;0;0;0;0;0;0;0;0;0;0;0;0;0;0;0;0;0;0;0;0;0;0;0;0;0;0;0;0;0;0;0;0;0;0;0;0;0;0;0;0;0;0;0;0;0;0;0;0;0;0;0;0;0;0;0;0;0;0;1838;2915;1788;2797
Grécia;VINHOS DE MESA;0;0;0;0;0;0;0;0;0;0;0;0;0;0;0;0;0;0;0;0;0;0;0;0;0;0;0;0;0;0;0;0;0;0;0;0;0;0;0;0;0;0;0;0;0;0;0;0;0;0;0;0;0;0;0;0;0;0;0;0;0;0;0;0;0;0;0;0;0;0;0;0;670;1450;18110;137867;11034;78819;52474;190076;42449;196361;82207;414329;68966;323206;13241;71175;24244;107195;55680;190185;6568;18637;40775;139486;41601;135185;21251;70881;61181;219292;13619;55228;45440;148515
Hong Kong;VINHOS DE MESA;0;0;0;0;0;0;0;0;0;0;0;0;0;0;0;0;0;0;0;0;0;0;0;0;0;0;0;0;0;0;0;0;0;0;0;0;0;0;0;0;0;0;0;0;0;0;0;0;0;0;0;0;0;0;0;0;0;0;0;0;0;0;0;0;0;0;0;0;0;0;0;0;0;0;0;0;0;0;0;0;0;0;0;0;0;0;0;0;0;0;0;0;0;0;0;0;0;0;0;0;311;2776;0;0;0;0
Hungria;VINHOS DE MESA;0;0;0;0;0;0;0;0;0;0;0;0;0;0;0;0;0;0;0;0;0;0;0;0;0;0;0;0;0;0;0;0;0;0;0;0;0;0;0;0;0;0;0;0;0;0;0;0;0;0;0;0;0;0;0;0;0;0;0;0;0;0;0;0;0;0;13391;39649;10967;26900;10858;53615;10530;54542;14600;82552;15981;90021;12632;87626;15193;160961;15073;256240;10404;168862;10911;140198;18733;114610;5117;74688;8315;58756;23813;168353;23742;113405;34591;146500;5254;25250;20174;160816;29260;160168
Indonésia;VINHOS DE MESA;0;0;0;0;0;0;0;0;0;0;0;0;0;0;0;0;0;0;0;0;0;0;0;0;0;0;0;0;0;0;0;0;0;0;0;0;0;0;0;0;0;0;0;0;0;0;0;0;0;0;0;0;0;0;0;0;0;0;0;0;0;0;0;0;0;0;0;0;0;0;0;0;0;0;0;0;0;0;0;0;0;0;0;0;0;0;0;0;0;0;0;0;0;43;0;0;36;210;258;1464;0;0;0;0;0;0
Irlanda;VINHOS DE MESA;0;0;0;0;0;0;0;0;0;0;0;0;0;0;0;0;0;0;0;0;0;0;0;0;0;0;0;0;0;0;0;0;0;0;0;0;0;0;0;0;0;0;0;0;0;0;0;0;0;0;0;0;0;0;0;0;0;0;0;0;0;0;0;0;0;0;0;0;0;0;0;0;0;0;0;0;0;0;0;0;0;0;0;0;0;0;0;0;0;0;0;0;0;43;0;0;107;954;179;1705;0;0;0;0;0;0
Israel;VINHOS DE MESA;0;0;0;0;0;0;0;0;0;0;0;0;0;0;0;0;0;0;0;0;0;0;0;0;0;0;0;0;0;0;0;0;0;0;0;0;0;0;0;0;0;0;0;0;0;0;0;0;0;0;0;0;0;0;0;0;0;0;0;0;0;0;0;0;0;0;0;0;0;0;0;0;0;0;13250;27398;8694;41161;8924;36534;15782;93252;16382;68676;8439;47579;24622;97645;7734;40372;19028;55248;12548;44277;37302;120463;40354;182017;52237;182602;38239;224349;60281;298732;19589;82489
Itália;VINHOS DE MESA;58802;32376;108409;56377;142196;96943;258754;186334;305763;278089;250541;244731;304377;276633;348461;349392;250535;268114;407274;562726;217226;283635;178772;222760;284440;322430;266333;308260;132321;141201;327976;385365;430029;601494;306950;467597;410419;703116;750290;1341632;497616;1284638;566035;1331248;540439;1307032;1333424;2404136;2745848;5058009;3859353;7542440;3771901;8178592;5203832;11182645;5481659;12837955;6187860;14604418;8261193;16364713;8113437;15592191;5878763;11408242;5237027;10545425;6190395;12223247;6010760;11300501;7983641;17018760;9177932;22023175;9723292;24378627;8387908;23079424;11911190;28683242;12025827;35481781;10506144;30750897;8308831;30799292;8566756;31697736;8261383;25846195;7936409;22216811;11538990;33707111;10154564;34857594;10323254;33355982;9659999;32477890;11231625;39852162;9622119;33330465
Japão;VINHOS DE MESA;0;0;0;0;0;0;0;0;0;0;0;0;0;0;0;0;0;0;0;0;0;0;0;0;0;0;0;0;0;0;0;0;0;0;0;0;0;0;0;0;0;0;0;0;0;0;0;0;0;0;0;0;0;0;0;0;0;0;0;0;0;0;0;0;0;0;0;0;0;0;0;0;0;0;0;0;0;0;0;0;0;0;0;0;0;0;0;0;0;0;0;0;0;0;0;0;0;0;153;1429;0;0;0;0;0;0
Iugoslávia;VINHOS DE MESA;702;326;640;375;1824;1137;1251;813;2520;1804;7969;5128;2100;1870;1764;1570;1764;1630;2100;2050;0;0;0;0;1350;1650;0;0;0;0;14238;11619;0;0;17835;14390;20160;17700;17100;19150;38640;44100;25650;31825;25596;31968;8550;10500;25920;36000;51840;81408;0;0;0;0;0;0;0;0;0;0;0;0;0;0;0;0;0;0;0;0;0;0;0;0;0;0;0;0;0;0;0;0;0;0;0;0;0;0;0;0;0;0;0;0;0;0;0;0;0;0;0;0;0;0
Líbano;VINHOS DE MESA;0;0;0;0;0;0;0;0;0;0;0;0;0;0;0;0;0;0;0;0;0;0;0;0;0;0;0;0;0;0;0;0;0;0;0;0;0;0;0;0;0;0;0;0;0;0;0;0;0;0;0;0;0;0;0;0;0;0;0;0;0;0;0;0;0;0;1116;8013;662;2726;1431;12774;5121;10605;6768;25265;10270;47054;5310;34971;15741;123283;17685;137954;5805;47826;6588;75810;47610;270145;6480;56196;10665;71374;12737;93480;19742;150044;21836;167358;12384;45908;24194;78872;30149;182548
Luxemburgo;VINHOS DE MESA;0;0;0;0;0;0;0;0;0;0;0;0;0;0;0;0;0;0;0;0;0;0;0;0;0;0;0;0;0;0;0;0;0;0;0;0;0;0;0;0;0;0;0;0;0;0;0;0;0;0;0;0;0;0;0;0;0;0;0;0;0;0;0;0;0;0;0;0;0;0;0;0;0;0;0;0;0;0;0;0;0;0;0;0;0;0;0;0;0;0;0;0;0;43;0;0;5;42;0;0;0;0;0;0;0;0
Macedônia;VINHOS DE MESA;0;0;0;0;0;0;0;0;0;0;0;0;0;0;0;0;0;0;0;0;0;0;0;0;0;0;0;0;0;0;0;0;0;0;0;0;0;0;0;0;0;0;0;0;0;0;0;0;0;0;0;0;0;0;0;0;0;0;0;0;0;0;0;0;0;0;0;0;0;0;0;0;0;0;0;0;0;0;0;0;0;0;0;0;0;0;0;0;252;497;0;0;0;0;0;0;0;0;1323;874;0;0;0;0;0;0
Marrocos;VINHOS DE MESA;0;0;0;0;0;0;0;0;0;0;0;0;0;0;0;0;0;0;0;0;0;0;0;0;0;0;0;0;0;0;0;0;0;0;0;0;0;0;0;0;0;0;0;0;0;0;0;0;0;0;0;0;0;0;0;0;0;0;0;0;0;0;0;0;0;0;0;0;0;0;0;0;0;0;0;0;0;0;0;0;0;0;0;0;450;3851;0;0;0;0;1755;15082;0;0;0;0;0;0;2250;16816;2160;8326;986;6958;13932;46497
México;VINHOS DE MESA;0;0;0;0;0;0;0;0;0;0;0;0;0;0;0;0;0;0;0;0;0;0;0;0;0;0;0;0;0;0;0;0;0;0;0;0;0;0;0;0;0;0;0;0;0;0;0;0;0;0;0;0;0;0;0;0;0;0;0;0;0;0;0;0;0;0;0;0;0;0;0;0;0;0;0;0;0;0;0;0;7004;63663;0;0;0;0;0;0;0;0;0;0;0;0;0;0;134;804;646;3927;33;181;4;19;0;0
Moldávia;VINHOS DE MESA;0;0;0;0;0;0;0;0;0;0;0;0;0;0;0;0;0;0;0;0;0;0;0;0;0;0;0;0;0;0;0;0;0;0;0;0;0;0;0;0;0;0;0;0;0;0;0;0;0;0;0;0;0;0;0;0;0;0;0;0;0;0;0;0;0;0;0;0;0;0;0;0;0;0;0;0;0;0;0;0;0;0;0;0;0;0;0;0;0;0;0;0;0;0;0;0;0;0;0;0;5832;8965;25998;66480;38336;70282
Montenegro;VINHOS DE MESA;0;0;0;0;0;0;0;0;0;0;0;0;0;0;0;0;0;0;0;0;0;0;0;0;0;0;0;0;0;0;0;0;0;0;0;0;0;0;0;0;0;0;0;0;0;0;0;0;0;0;0;0;0;0;0;0;0;0;0;0;0;0;0;0;0;0;0;0;0;0;0;0;0;0;0;0;0;0;0;0;0;0;0;0;0;0;0;0;0;0;0;0;0;0;0;0;0;0;1701;5440;0;0;0;0;0;0
Noruega;VINHOS DE MESA;0;0;0;0;0;0;0;0;0;0;0;0;0;0;0;0;0;0;0;0;0;0;0;0;0;0;0;0;0;0;0;0;0;0;0;0;0;0;0;0;0;0;0;0;0;0;0;0;0;0;0;0;0;0;0;0;0;0;0;0;0;0;0;0;0;0;0;0;0;0;0;0;0;0;0;0;0;0;0;0;0;0;0;0;0;0;0;0;0;0;0;0;396;253;5;27;0;0;0;0;0;0;0;0;0;0
Nova Zelândia;VINHOS DE MESA;0;0;0;0;0;0;0;0;0;0;0;0;0;0;0;0;0;0;0;0;0;0;0;0;0;0;0;0;0;0;0;0;0;0;0;0;0;0;0;0;0;0;0;0;0;0;0;0;0;0;0;0;0;0;0;0;0;0;0;0;0;0;0;0;0;0;21139;153081;11774;107273;31291;224441;31825;254987;47220;417276;58408;536625;30806;302244;102683;947043;151194;1267863;81611;790355;90728;840521;106251;843533;117340;950751;50177;361030;31379;248412;130854;686193;133179;776830;15372;89763;21995;137547;52265;403597
Países Baixos (Holanda);VINHOS DE MESA;0;0;0;0;0;0;0;0;0;0;0;0;0;0;0;0;0;0;0;0;0;0;0;0;0;0;0;0;0;0;0;0;0;0;0;0;0;0;0;0;0;0;0;0;0;0;0;0;0;0;0;0;0;0;0;0;0;0;0;0;0;0;0;0;0;0;0;0;0;0;0;0;0;0;0;0;0;0;0;0;0;0;0;0;0;0;0;0;0;0;0;0;0;43;0;0;283;8719;634;5297;2285;22990;0;0;0;0
Panamá;VINHOS DE MESA;0;0;0;0;0;0;0;0;0;0;0;0;0;0;0;0;0;0;0;0;0;0;0;0;0;0;0;0;0;0;0;0;0;0;0;0;0;0;0;0;0;0;0;0;0;0;0;0;0;0;0;0;0;0;0;0;0;0;0;0;0;0;0;0;0;0;0;0;0;0;0;0;0;0;0;0;0;0;0;0;0;0;0;0;0;0;0;0;0;0;0;0;0;0;0;0;0;0;17;96;0;0;0;0;0;0
Peru;VINHOS DE MESA;0;0;0;0;0;0;0;0;0;0;0;0;0;0;0;0;0;0;0;0;0;0;0;0;0;0;0;0;0;0;0;0;0;0;0;0;0;0;0;0;0;0;0;0;0;0;0;0;0;0;0;0;0;0;0;0;0;0;0;0;0;0;0;0;0;0;0;0;0;0;0;0;0;0;0;0;0;0;0;0;33;252;0;0;0;0;0;0;3201;7906;0;0;0;0;0;0;77;653;0;0;0;0;0;0;17861;84084
Porto Rico;VINHOS DE MESA;0;0;0;0;0;0;0;0;0;0;0;0;0;0;0;0;0;0;0;0;0;0;0;0;0;0;0;0;0;0;0;0;0;0;0;0;0;0;0;0;0;0;0;0;0;0;0;0;0;0;0;0;0;0;0;0;0;0;0;0;0;0;0;0;0;0;0;0;0;0;0;0;0;0;15658;14781;0;0;0;0;0;0;0;0;0;0;0;0;0;0;0;0;0;0;0;0;47;404;21;115;54;1090;0;0;0;0
Portugal;VINHOS DE MESA;785609;531480;897310;620790;1650727;1226232;2818320;2238637;2245288;1917710;2192004;1838430;2284423;1872573;2132582;1847604;2763298;2706030;2823760;3493450;1601931;2146952;933906;1271300;1074983;1258983;1189656;1338370;536706;531515;1484998;1406897;2270772;2258643;1477093;1610041;1454323;1884873;1690391;2924935;1423882;2793037;1361858;2525520;1034446;1792170;1678448;2873315;2549247;4471214;5442249;10703599;4438522;9226840;5421763;12467340;4656474;12314487;4408133;12406498;5011051;13191073;5225372;13988909;3047860;8596328;3344190;9649346;4151101;12084110;5182827;15007625;5936299;19063151;6805601;23945522;6213781;23826443;5884719;23688318;7801759;29299792;8556375;35247223;9714940;36190898;9299080;35729522;9735153;37071142;9952290;32547365;10821232;29495190;17345709;45032247;17698831;53237413;18228699;51444189;23627260;66353572;25925363;75668823;24108787;64795326
Reino Unido;VINHOS DE MESA;0;0;0;0;0;0;0;0;0;0;0;0;0;0;0;0;0;0;0;0;0;0;0;0;0;0;0;0;0;0;0;0;0;0;0;0;0;0;0;0;0;0;0;0;0;0;0;0;0;0;0;0;0;0;0;0;0;0;0;0;0;0;0;0;0;0;0;0;0;0;0;0;14909;56268;7056;67728;315;10257;10236;53375;621;22292;270;6021;406;26466;127;2789;315;9410;90;1352;5;255;16;1033;4126;51034;4819;46623;2586;22935;1164;9357;1655;19595
República Dominicana;VINHOS DE MESA;0;0;0;0;0;0;0;0;0;0;0;0;0;0;0;0;0;0;0;0;0;0;0;0;0;0;0;0;0;0;0;0;0;0;0;0;0;0;0;0;0;0;0;0;0;0;0;0;0;0;0;0;0;0;0;0;0;0;0;0;0;0;0;0;0;0;0;0;0;0;0;0;0;0;0;0;0;0;0;0;0;0;0;0;0;0;0;0;0;0;0;0;0;43;0;0;2;13;0;0;0;0;0;0;0;0
Romênia;VINHOS DE MESA;0;0;0;0;0;0;0;0;0;0;0;0;0;0;0;0;0;0;0;0;0;0;0;0;0;0;0;0;0;0;0;0;0;0;0;0;0;0;0;0;0;0;0;0;0;0;0;0;0;0;0;0;0;0;0;0;0;0;0;0;0;0;0;0;0;0;0;0;0;0;0;0;0;0;0;0;0;0;0;0;0;0;0;0;33750;85321;0;0;4163;5629;5950;7925;0;0;18509;52150;13719;9695;5196;6706;30635;70269;33770;99562;47715;99616
Rússia;VINHOS DE MESA;0;0;0;0;0;0;0;0;0;0;0;0;0;0;0;0;0;0;0;0;0;0;0;0;0;0;0;0;0;0;0;0;0;0;0;0;0;0;0;0;0;0;0;0;0;0;0;0;0;0;0;0;0;0;0;0;0;0;0;0;0;0;0;0;0;0;0;0;0;0;0;0;0;0;0;0;0;0;0;0;0;0;0;0;0;0;0;0;0;0;0;0;0;43;0;0;17483;66160;0;0;0;0;32179;64905;0;0
San Marino;VINHOS DE MESA;0;0;0;0;0;0;0;0;0;0;0;0;0;0;0;0;0;0;0;0;0;0;0;0;0;0;0;0;0;0;0;0;0;0;0;0;0;0;0;0;0;0;0;0;0;0;0;0;0;0;0;0;0;0;0;0;0;0;0;0;0;0;0;0;0;0;0;0;0;0;0;0;0;0;0;0;0;0;0;0;0;0;0;0;0;0;0;0;0;0;0;0;0;0;0;0;0;0;0;0;0;0;1095;2237;0;0
Sérvia;VINHOS DE MESA;0;0;0;0;0;0;0;0;0;0;0;0;0;0;0;0;0;0;0;0;0;0;0;0;0;0;0;0;0;0;0;0;0;0;0;0;0;0;0;0;0;0;0;0;0;0;0;0;0;0;0;0;0;0;0;0;0;0;0;0;0;0;0;0;0;0;0;0;0;0;0;0;0;0;0;0;0;0;0;0;0;0;0;0;0;0;0;0;0;0;0;0;0;0;0;0;0;0;0;0;0;0;3471;8302;0;0
Síria;VINHOS DE MESA;0;0;0;0;0;0;0;0;0;0;0;0;0;0;0;0;0;0;0;0;0;0;0;0;0;0;0;0;0;0;0;0;0;0;0;0;0;0;0;0;0;0;0;0;0;0;0;0;0;0;0;0;0;0;0;0;0;0;0;0;0;0;0;0;0;0;0;0;0;0;0;0;0;0;0;0;0;0;0;0;0;0;0;0;0;0;0;0;0;0;0;0;0;0;398;269;0;0;641;409;0;0;484;1280;1094;5187
Suíça;VINHOS DE MESA;0;0;0;0;0;0;0;0;0;0;0;0;0;0;0;0;0;0;0;0;0;0;0;0;0;0;0;0;0;0;0;0;0;0;0;0;0;0;0;0;0;0;0;0;0;0;0;0;0;0;0;0;0;0;0;0;0;0;0;0;0;0;0;0;0;0;1900;3522;4658;5917;3841;9430;4222;6018;0;0;1194;5359;4860;13129;2483;8010;0;0;0;0;0;0;0;0;1125;6284;6;245;138;2873;559;7647;4510;63619;735;5848;7;157;0;0
Tcheca, República;VINHOS DE MESA;0;0;0;0;0;0;0;0;0;0;0;0;0;0;0;0;0;0;0;0;0;0;0;0;0;0;0;0;0;0;0;0;0;0;0;0;0;0;0;0;0;0;0;0;0;0;0;0;0;0;0;0;0;0;0;0;0;0;0;0;0;0;0;0;0;0;0;0;0;0;0;0;0;0;0;0;0;0;0;0;0;0;0;0;0;0;0;0;0;0;0;0;0;0;0;0;0;0;0;0;0;0;225;5528;4950;12044
Tunísia;VINHOS DE MESA;0;0;0;0;0;0;0;0;0;0;0;0;0;0;0;0;0;0;0;0;0;0;0;0;0;0;0;0;0;0;0;0;0;0;0;0;0;0;0;0;0;0;0;0;0;0;0;0;0;0;0;0;0;0;0;0;0;0;0;0;0;0;0;0;0;0;0;0;0;0;0;0;0;0;0;0;0;0;0;0;0;0;16420;37492;19913;42918;8000;20892;0;0;0;0;0;0;0;0;0;0;0;0;0;0;0;0;0;0
Turquia;VINHOS DE MESA;0;0;0;0;0;0;0;0;0;0;0;0;0;0;0;0;0;0;0;0;0;0;0;0;0;0;0;0;0;0;0;0;0;0;0;0;0;0;0;0;0;0;0;0;0;0;0;0;0;0;0;0;0;0;0;0;0;0;0;0;0;0;0;0;0;0;0;0;0;0;0;0;0;0;0;0;0;0;0;0;0;0;0;0;0;0;0;0;0;0;32247;109741;0;0;0;0;1591;1245;0;0;17563;55039;0;0;22087;38817
Ucrânia;VINHOS DE MESA;0;0;0;0;0;0;0;0;0;0;0;0;0;0;0;0;0;0;0;0;0;0;0;0;0;0;0;0;0;0;0;0;0;0;0;0;0;0;0;0;0;0;0;0;0;0;0;0;0;0;0;0;0;0;0;0;0;0;0;0;0;0;0;0;0;0;0;0;0;0;0;0;0;0;0;0;0;0;0;0;0;0;0;0;0;0;0;0;0;0;0;0;5319;9679;865;931;0;0;4646;3074;0;0;0;0;0;0
Uruguai;VINHOS DE MESA;5767;1871;1917;636;7394;2741;0;0;0;0;0;0;0;0;24191;33975;32371;33900;13320;22900;8880;16800;0;0;0;0;0;0;0;0;0;0;0;0;0;0;0;0;0;0;0;0;0;0;11247;21795;33040;69221;35219;72528;33150;73695;72000;164299;89117;209952;277989;525654;1712036;2756398;1961733;3616134;1668697;3122694;1247891;2082552;1096094;1630471;660522;1089054;512973;924066;715474;1439538;2387225;3131899;920389;2089539;750343;1953390;1219387;3175051;1264306;3481552;1323884;3735892;1372329;3740613;1237537;3782282;1399547;4069100;2215692;5099162;5009098;7751966;2836574;8467846;2778244;7938059;4079076;10146829;3788831;10063341;3394161;9867675
Não consta na tabela;VINHOS DE MESA;0;0;0;0;0;0;0;0;0;0;0;0;0;0;0;0;0;0;0;0;0;0;0;0;0;0;0;0;0;0;0;0;0;0;0;0;0;0;0;0;0;0;0;0;0;0;0;0;0;0;0;0;63755;148879;0;0;0;0;0;0;0;0;0;0;0;0;0;0;0;0;0;0;0;0;0;0;0;0;0;0;0;0;0;0;0;0;0;0;0;0;0;0;0;0;0;0;0;0;0;0;0;0;0;0;0;0
Não declarados;VINHOS DE MESA;0;0;0;0;0;0;0;0;0;0;0;0;0;0;0;0;0;0;0;0;0;0;0;0;0;0;0;0;0;0;0;0;0;0;0;0;0;0;0;0;0;0;0;0;0;0;0;0;0;0;0;0;21185;26664;0;0;0;0;0;0;0;0;0;0;0;0;0;0;0;0;0;0;0;0;0;0;0;0;0;0;0;0;0;0;0;0;0;0;0;0;0;0;0;0;0;0;0;0;0;0;0;0;0;0;0;0
Outros;VINHOS DE MESA;5508;4255;77789;42028;79052;25032;4306;5775;21501;28163;18132;13989;10200;7884;450;642;1347;1210;2411;2614;10446;10543;17133;17869;22104;30505;6738;5862;26490;34499;5400;12812;15717;18768;28;40;435;450;10788;21458;65835;145083;97662;161151;24465;59352;146730;412893;174758;289230;200336;393140;127039;295772;186470;548733;187919;480461;49646;230829;73451;295205;47256;201927;64069;256700;0;0;0;0;13970;63967;0;0;0;0;0;0;0;0;0;0;0;0;0;0;0;0;0;0;0;0;0;0;0;0;0;0;0;0;0;0;0;0;;
África do Sul;ESPUMANTES;0;0;0;0;0;0;0;0;0;0;0;0;0;0;0;0;0;0;0;0;0;0;0;0;0;0;0;0;0;0;0;0;0;0;0;0;0;0;0;0;0;0;0;0;0;0;0;0;0;0;0;0;0;0;0;0;0;0;0;0;0;0;0;0;0;0;5546;6475;59;259;520;2320;275;1460;90;1073;9212;30630;10381;42463;8121;37035;20213;123099;24954;133975;26985;158325;18659;114275;19686;96316;7394;50715;4913;23919;15368;74800;17583;72077;3574;14542;6980;36677;9882;64582
Alemanha;ESPUMANTES;0;0;25;36;2864;2479;2900;3130;1667;2128;355;937;1947;1880;840;982;420;1059;1020;3901;332;1175;753;1860;117270;101714;215712;193026;3360;3130;0;0;32490;37388;1800;2000;450;534;9000;17431;12613;29121;11275;41978;6059;13660;39747;110948;37942;84842;75829;170816;22766;68098;8648;29238;9403;45794;1980;6690;1130;3150;6516;17537;7034;19584;3114;8638;22785;77735;888;5487;1170;8087;1980;11786;1959;12516;1170;8434;1116;5753;810;8800;1260;9975;1247;11745;5093;34413;3647;5589;3420;8275;4819;37116;18376;82273;26853;169989;21174;65359;19977;46237;12447;26877
Argentina;ESPUMANTES;4980;3836;8811;7543;35301;26909;39208;20230;2831;3035;11120;5732;0;0;0;0;180;210;13500;16500;0;0;0;0;0;0;0;0;0;0;0;0;270;990;0;0;315;840;5176;15000;4500;20000;24889;83975;7020;18650;17205;63626;8270;32089;17382;68936;567;3110;11139;26864;85497;308165;86940;360596;114511;326156;32464;90851;17096;32807;143659;301329;1008169;2760067;1135922;2943342;1713270;4726606;556320;1441196;1015357;3094003;894550;2730102;1086901;3583463;997492;3818944;963574;3985004;702963;2545215;807366;3221463;490536;1814349;358510;1240249;661857;2249681;706478;2462909;757716;2282614;469547;1304986;723847;2211657;1333420;4123623
Austrália;ESPUMANTES;0;0;0;0;0;0;0;0;0;0;0;0;0;0;0;0;0;0;0;0;0;0;0;0;0;0;0;0;0;0;0;0;0;0;0;0;0;0;0;0;0;0;0;0;0;0;0;0;0;0;0;0;0;0;0;0;0;0;0;0;0;0;0;0;1136;7702;0;0;1310;6507;1125;7594;675;3248;855;7491;495;3343;225;2108;0;0;45;174;0;0;30;419;0;0;4967;15439;19182;32115;19198;51731;57917;212199;16701;27592;7426;15190;8062;26208;0;0
Áustria;ESPUMANTES;0;0;0;0;0;0;0;0;0;0;0;0;0;0;0;0;0;0;0;0;0;0;0;0;0;0;0;0;0;0;0;0;0;0;0;0;0;0;0;0;0;0;0;0;0;0;0;0;0;0;0;0;0;0;0;0;0;0;0;0;0;0;0;0;0;0;0;0;0;0;0;0;0;0;0;0;756;6680;0;0;0;0;0;0;180;1139;720;6050;698;6352;0;0;0;0;0;0;1228;11638;1269;11571;909;9399;90;1434;0;0
Bermudas;ESPUMANTES;0;0;0;0;0;0;0;0;0;0;0;0;0;0;0;0;0;0;0;0;0;0;0;0;0;0;0;0;0;0;0;0;0;0;0;0;0;0;0;0;0;0;0;0;0;0;0;0;0;0;0;0;0;0;0;0;0;0;0;0;0;0;0;0;0;0;0;0;0;0;0;0;0;0;0;0;0;0;0;0;0;0;0;0;0;0;0;0;0;0;0;0;0;0;0;0;0;0;0;0;0;0;70;611;5;67
Bahamas;ESPUMANTES;0;0;0;0;0;0;0;0;0;0;0;0;0;0;0;0;0;0;0;0;0;0;0;0;0;0;0;0;0;0;0;0;0;0;0;0;0;0;0;0;0;0;0;0;0;0;0;0;0;0;0;0;0;0;0;0;0;0;0;0;0;0;0;0;0;0;0;0;0;0;0;0;0;0;0;0;0;0;0;0;0;0;0;0;0;0;0;0;0;0;73;684;60;688;519;11136;169;2283;0;0;0;0;0;0;0;0
Bélgica;ESPUMANTES;0;0;0;0;0;0;0;0;0;0;0;0;0;0;0;0;0;0;0;0;0;0;0;0;0;0;0;0;0;0;0;0;0;0;0;0;0;0;0;0;0;0;0;0;0;0;0;0;0;0;0;0;0;0;0;0;0;0;0;0;0;0;0;0;0;0;0;0;0;0;0;0;0;0;0;0;0;0;0;0;0;0;0;0;0;0;0;0;0;0;0;0;0;0;923;50574;0;0;0;0;0;0;0;0;0;0
Brasil;ESPUMANTES;0;0;0;0;0;0;0;0;0;0;0;0;0;0;0;0;0;0;0;0;0;0;0;0;0;0;0;0;0;0;0;0;0;0;0;0;0;0;0;0;0;0;0;0;0;0;0;0;0;0;0;0;0;0;0;0;0;0;0;0;0;0;0;0;0;0;0;0;5357;17451;9801;33151;16225;63088;4092;22079;1072;7645;0;0;468;62570;6210;52984;60601;313190;10195;44337;8606;37228;6383;47936;1014;4936;6166;180512;566215;162992;15464;238268;3491;106310;548;3488;0;0
Bulgária;ESPUMANTES;0;0;0;0;0;0;0;0;0;0;0;0;0;0;0;0;0;0;0;0;0;0;0;0;0;0;0;0;0;0;0;0;0;0;0;0;0;0;0;0;0;0;0;0;0;0;0;0;0;0;0;0;0;0;0;0;0;0;0;0;0;0;0;0;0;0;0;0;0;0;0;0;0;0;0;0;0;0;0;0;0;0;0;0;0;0;0;0;222;546;4;7;0;0;3;716;0;0;0;0;0;0;0;0;976;1535
Canadá;ESPUMANTES;0;0;0;0;0;0;0;0;0;0;0;0;0;0;0;0;0;0;0;0;0;0;0;0;0;0;0;0;0;0;0;0;0;0;0;0;0;0;0;0;0;0;0;0;0;0;0;0;0;0;0;0;0;0;0;0;0;0;0;0;0;0;0;0;0;0;0;0;0;0;0;0;0;0;0;0;0;0;0;0;0;0;0;0;0;0;0;0;0;0;0;0;0;0;0;0;3852;109402;0;0;0;0;0;0;54;1017
Chile;ESPUMANTES;0;0;0;0;201;192;328;133;180;340;672;1140;10980;15660;630;1059;45;76;0;0;861;1734;18090;25350;14865;21614;900;1650;4200;5500;0;0;900;800;450;482;0;0;7449;12675;540;1200;10800;28600;0;0;1560;4860;4590;13224;24237;73649;26686;37785;2565;13680;7877;20030;18020;65480;11250;31550;15695;44425;6300;20323;16200;39459;25920;48350;38290;92150;29806;93696;49400;159012;84673;234038;39533;165731;68562;243004;66639;248691;137790;484791;123026;478646;133935;599993;236342;838250;117678;523242;304391;1350744;316293;1312445;233064;912613;253225;775535;232948;686466;342625;959421
Croácia;ESPUMANTES;0;0;0;0;0;0;0;0;0;0;0;0;0;0;0;0;0;0;0;0;0;0;0;0;0;0;0;0;0;0;0;0;0;0;0;0;0;0;0;0;0;0;0;0;0;0;0;0;0;0;0;0;0;0;0;0;0;0;0;0;0;0;0;0;0;0;0;0;0;0;0;0;0;0;0;0;0;0;0;0;0;0;0;0;0;0;0;0;0;0;225;483;0;0;0;0;0;0;0;0;0;0;0;0;0;0
Cuba;ESPUMANTES;0;0;0;0;0;0;0;0;0;0;0;0;0;0;0;0;0;0;0;0;0;0;0;0;0;0;0;0;0;0;0;0;0;0;0;0;0;0;0;0;0;0;0;0;0;0;0;0;0;0;0;0;0;0;0;0;0;0;0;0;0;0;0;0;0;0;0;0;0;0;0;0;0;0;0;0;0;0;0;0;0;0;0;0;0;0;0;0;0;0;29;243;0;0;0;0;0;0;0;0;0;0;0;0;0;0
Emirados Árabes Unidos;ESPUMANTES;0;0;0;0;0;0;0;0;0;0;0;0;0;0;0;0;0;0;0;0;0;0;0;0;0;0;0;0;0;0;0;0;0;0;0;0;0;0;0;0;0;0;0;0;0;0;0;0;0;0;0;0;0;0;0;0;0;0;0;0;0;0;0;0;0;0;0;0;0;0;0;0;0;0;0;0;0;0;0;0;0;0;0;0;0;0;0;0;8;271;104;2005;2371;38954;0;0;0;0;0;0;0;0;0;0;0;0
Eslovênia;ESPUMANTES;0;0;0;0;0;0;0;0;0;0;0;0;0;0;0;0;0;0;0;0;0;0;0;0;0;0;0;0;0;0;0;0;0;0;0;0;0;0;0;0;0;0;0;0;0;0;0;0;0;0;0;0;0;0;0;0;0;0;0;0;0;0;0;0;0;0;0;0;0;0;0;0;0;0;0;0;0;0;0;0;0;0;0;0;78;221;0;0;445;2329;1058;5075;2115;9486;2093;10110;1800;8860;518;2539;68;327;450;2426;803;2982
Espanha;ESPUMANTES;12981;8568;7865;5230;27461;20026;40172;28895;41971;36350;54863;51166;17299;19252;31319;36998;38780;49246;44226;56686;45842;49789;25685;21293;46249;47183;17190;18043;12824;13110;19005;29323;43920;67595;35910;52044;41070;54402;58995;143790;121856;355275;92798;294496;63633;215873;172218;584200;182952;601583;269731;903594;198872;778631;259100;920891;253355;1009470;251511;1017499;230327;928135;713315;6408671;166433;528696;164545;549223;209973;660360;213074;767994;250377;916775;254317;1003934;266955;1179471;388452;1397582;512539;1904476;831585;3017324;1054367;4537094;850428;3917939;925502;4519845;899587;4183324;864154;3249876;1493908;5592839;1515106;5707839;1440241;4463736;1421655;3871128;2016806;5732174;2236061;5668798
Estados Unidos;ESPUMANTES;0;0;0;0;0;0;0;0;0;0;0;0;0;0;0;0;0;0;0;0;0;0;0;0;0;0;0;0;0;0;0;0;0;0;0;0;0;0;0;0;0;0;0;0;0;0;0;0;0;0;0;0;0;0;0;0;0;0;0;0;0;0;0;0;990;3846;1575;9100;0;0;2808;6796;1800;4419;3240;8865;12417;34991;7119;25952;11387;49664;4553;15458;15461;88292;15698;50841;27023;101802;18519;85864;12343;30366;8408;226792;26405;64081;13239;105197;13255;31083;143;2173;181;2053
França;ESPUMANTES;18458;45798;26523;72645;35899;97186;49453;186096;83575;335930;17770;80649;16295;61873;24584;105421;51710;236584;27554;169843;13235;82136;14555;65022;13128;32209;16253;45318;11308;37594;35317;118807;37062;127661;15550;135589;32809;204117;52601;358096;32371;448505;33945;353361;15001;156403;54501;543157;209274;1602204;234968;1672679;272978;2319514;760944;7856909;779564;9136225;1158921;11636214;979713;8756457;182179;262999;669778;5946841;965033;7444348;746383;6768485;931767;8295551;1096043;11085410;1079332;10860013;991608;10773247;1130768;11933677;1462949;17012302;1802575;20020633;1852431;22744192;1491052;22873679;1230946;20831149;1341884;21849752;1171383;12017375;1778528;14966946;3637804;12678962;1610293;13991734;1116188;8814571;1134059;12590570;1268840;13164535
Geórgia;ESPUMANTES;0;0;0;0;0;0;0;0;0;0;0;0;0;0;0;0;0;0;0;0;0;0;0;0;0;0;0;0;0;0;0;0;0;0;0;0;0;0;0;0;0;0;0;0;0;0;0;0;0;0;0;0;0;0;0;0;0;0;0;0;0;0;0;0;0;0;0;0;0;0;0;0;0;0;0;0;0;0;0;0;0;0;0;0;0;0;0;0;0;0;0;0;0;0;0;0;0;0;0;0;0;0;0;0;915;2325
Grécia;ESPUMANTES;0;0;0;0;0;0;0;0;0;0;0;0;0;0;0;0;0;0;0;0;0;0;0;0;0;0;0;0;0;0;0;0;0;0;0;0;0;0;0;0;0;0;0;0;0;0;0;0;0;0;0;0;0;0;0;0;0;0;0;0;0;0;0;0;0;0;0;0;0;0;0;0;0;0;0;0;0;0;0;0;0;0;0;0;0;0;113;222;329;1459;577;1574;0;0;156;277;0;0;230;318;0;0;92;422;92;366
Hong Kong;ESPUMANTES;0;0;0;0;0;0;0;0;0;0;0;0;0;0;0;0;0;0;0;0;0;0;0;0;0;0;0;0;0;0;0;0;0;0;0;0;0;0;0;0;0;0;0;0;0;0;0;0;0;0;0;0;0;0;0;0;0;0;0;0;0;0;0;0;0;0;0;0;0;0;0;0;0;0;0;0;0;0;0;0;0;0;0;0;2607;15170;283;1593;0;0;0;0;0;0;0;0;0;0;0;0;72;5061;0;0;0;0
Hungria;ESPUMANTES;0;0;0;0;0;0;0;0;0;0;0;0;0;0;0;0;0;0;0;0;0;0;0;0;0;0;0;0;0;0;0;0;0;0;0;0;0;0;0;0;0;0;0;0;0;0;0;0;0;0;0;0;0;0;0;0;0;0;0;0;0;0;0;0;675;1837;387;1165;657;1775;0;0;0;0;0;0;0;0;0;0;0;0;0;0;404;1317;1020;2984;518;1715;0;0;1238;5927;1624;6960;1802;5977;585;1379;765;2061;1142;2471;2090;3828
Indonésia;ESPUMANTES;0;0;0;0;0;0;0;0;0;0;0;0;0;0;0;0;0;0;0;0;0;0;0;0;0;0;0;0;0;0;0;0;0;0;0;0;0;0;0;0;0;0;0;0;0;0;0;0;0;0;0;0;0;0;0;0;0;0;0;0;0;0;0;0;0;0;0;0;0;0;0;0;0;0;0;0;0;0;0;0;0;0;0;0;0;0;0;0;0;0;0;0;0;0;0;0;35;271;66;529;0;0;0;0;0;0
Irlanda;ESPUMANTES;0;0;0;0;0;0;0;0;0;0;0;0;0;0;0;0;0;0;0;0;0;0;0;0;0;0;0;0;0;0;0;0;0;0;0;0;0;0;0;0;0;0;0;0;0;0;0;0;0;0;0;0;0;0;0;0;0;0;0;0;0;0;0;0;0;0;0;0;0;0;0;0;0;0;0;0;0;0;0;0;0;0;0;0;0;0;0;0;0;0;391;4062;0;0;0;0;0;0;0;0;0;0;0;0;0;0
Israel;ESPUMANTES;0;0;360;349;0;0;27;36;0;0;0;0;0;0;450;700;0;0;180;370;585;1435;360;985;360;1001;270;749;720;1880;0;0;909;1672;765;1720;0;0;0;0;0;0;0;0;0;0;0;0;0;0;0;0;0;0;0;0;0;0;0;0;0;0;450;1510;1152;3853;1890;6233;1935;5346;4968;13263;2250;6382;5220;22638;1350;6912;0;0;1224;5467;990;11627;310;6552;0;0;0;0;0;0;0;0;0;0;0;0;5035;17085;296;9540;0;0;0;0
Itália;ESPUMANTES;0;0;554;485;5054;3328;5854;5395;24637;24784;22782;19240;11917;9896;19995;17483;7119;8916;16234;18345;20932;33860;17290;20568;32542;35237;9000;7645;2430;1917;12456;15821;20355;29342;16640;22399;31077;39084;26802;68918;24120;73084;35118;101279;17241;50017;132449;265440;232676;501486;230441;554770;203645;480610;162568;485282;234227;853007;498453;1678442;488816;1303096;1009289;2476201;1484899;3020296;1209558;2627321;1033793;2850765;1092021;2880464;1410249;4279286;1236636;4541086;1051675;4474690;693765;2984665;1079836;4703738;1137610;4966429;1123066;4953550;978230;4223637;1095148;4462987;1017420;3670403;1089617;3467993;3065767;5635842;2147490;5947967;1874314;4790173;1524542;3544718;1093108;3142129;1169909;3356633
Luxemburgo;ESPUMANTES;0;0;0;0;0;0;0;0;0;0;0;0;0;0;0;0;0;0;0;0;0;0;0;0;0;0;0;0;0;0;0;0;0;0;0;0;0;0;0;0;0;0;0;0;0;0;0;0;0;0;0;0;0;0;0;0;0;0;0;0;0;0;0;0;0;0;0;0;0;0;0;0;0;0;0;0;0;0;0;0;0;0;0;0;252;1115;0;0;0;0;0;0;0;0;0;0;208;1902;518;4067;0;0;0;0;0;0
México;ESPUMANTES;0;0;0;0;0;0;0;0;0;0;0;0;0;0;8122;13185;0;0;0;0;0;0;0;0;0;0;0;0;4158;6060;0;0;0;0;0;0;0;0;0;0;0;0;0;0;0;0;0;0;0;0;0;0;0;0;0;0;0;0;0;0;0;0;0;0;0;0;0;0;0;0;0;0;0;0;0;0;0;0;0;0;396;834;0;0;0;0;0;0;0;0;1154;9334;0;0;0;0;95;777;133;1104;0;0;0;0;0;0
Moldávia;ESPUMANTES;0;0;0;0;0;0;0;0;0;0;0;0;0;0;0;0;0;0;0;0;0;0;0;0;0;0;0;0;0;0;0;0;0;0;0;0;0;0;0;0;0;0;0;0;0;0;0;0;0;0;0;0;0;0;0;0;0;0;0;0;0;0;0;0;0;0;0;0;0;0;0;0;0;0;0;0;0;0;0;0;0;0;0;0;0;0;0;0;0;0;0;0;0;0;0;0;0;0;0;0;0;0;0;0;2892;3713
Nova Zelândia;ESPUMANTES;0;0;0;0;0;0;0;0;0;0;0;0;0;0;0;0;0;0;0;0;0;0;0;0;0;0;0;0;0;0;0;0;0;0;0;0;0;0;0;0;0;0;0;0;0;0;0;0;0;0;0;0;0;0;0;0;0;0;0;0;0;0;0;0;0;0;0;0;0;0;0;0;0;0;0;0;315;3921;630;5106;720;6858;135;861;270;3046;180;1950;450;3023;135;1684;0;0;0;0;0;0;72;657;0;0;0;0;270;3114
Países Baixos;ESPUMANTES;0;0;0;0;0;0;0;0;0;0;0;0;0;0;0;0;0;0;0;0;0;0;0;0;0;0;0;0;0;0;0;0;0;0;0;0;0;0;0;0;0;0;0;0;0;0;0;0;0;0;0;0;0;0;0;0;0;0;0;0;0;0;0;0;0;0;0;0;0;0;0;0;0;0;0;0;0;0;0;0;0;0;0;0;0;0;0;0;0;0;0;0;0;0;0;0;305;10695;827;47027;3412;151690;0;0;0;0
Panamá;ESPUMANTES;0;0;0;0;0;0;0;0;0;0;0;0;0;0;0;0;0;0;0;0;0;0;0;0;0;0;0;0;0;0;0;0;0;0;0;0;0;0;0;0;0;0;0;0;0;0;0;0;0;0;0;0;0;0;0;0;0;0;0;0;0;0;0;0;0;0;0;0;0;0;0;0;0;0;0;0;0;0;0;0;0;0;0;0;0;0;0;0;0;0;0;0;0;0;0;0;15057;30546;0;0;0;0;0;0;0;0
Peru;ESPUMANTES;0;0;0;0;0;0;0;0;0;0;0;0;0;0;0;0;0;0;0;0;0;0;0;0;0;0;0;0;0;0;0;0;0;0;0;0;0;0;0;0;0;0;0;0;0;0;0;0;0;0;0;0;0;0;0;0;0;0;0;0;0;0;0;0;0;0;0;0;0;0;0;0;0;0;0;0;0;0;0;0;0;0;0;0;0;0;0;0;305;977;0;0;0;0;0;0;0;0;0;0;0;0;0;0;0;0
Portugal;ESPUMANTES;1603;2240;2054;3090;12768;18479;30074;39670;15886;29585;2147;3798;3972;7084;931;1462;11077;18687;8967;19683;4242;8979;284778;368103;242143;311212;231759;274033;126855;136371;245613;247970;436485;468813;228933;273749;225450;303888;7740;16240;9467;24269;4185;11095;4545;10906;6870;19783;17827;43097;11745;37615;14861;47858;42736;130895;4386;16971;15501;45223;12622;41797;20653;44980;14033;52317;17170;57304;30305;99071;10588;41905;35035;146528;38385;181318;62471;273717;31170;164404;74184;326868;53756;317547;77260;382541;66552;331054;60430;316889;59472;223379;88448;321629;123786;492083;128802;526987;144296;621259;102324;324099;65238;277677;103443;391952
Reino Unido;ESPUMANTES;0;0;0;0;0;0;0;0;0;0;0;0;0;0;0;0;0;0;0;0;0;0;0;0;0;0;0;0;0;0;0;0;0;0;0;0;0;0;0;0;0;0;0;0;0;0;0;0;0;0;0;0;0;0;0;0;0;0;0;0;0;0;0;0;0;0;0;0;0;0;0;0;0;0;0;0;0;0;0;0;0;0;0;0;0;0;0;0;0;0;467;4211;0;0;350;2424;3834;104831;1320;11869;2309;17975;254;3016;0;0
Romenia;ESPUMANTES;0;0;0;0;0;0;0;0;0;0;0;0;0;0;0;0;0;0;0;0;0;0;0;0;0;0;0;0;0;0;0;0;0;0;0;0;0;0;0;0;0;0;0;0;0;0;0;0;0;0;0;0;0;0;0;0;0;0;0;0;0;0;0;0;0;0;0;0;0;0;0;0;0;0;0;0;0;0;0;0;0;0;0;0;0;0;0;0;743;1011;488;528;0;0;0;0;0;0;0;0;0;0;432;2271;1914;5007
Suíça;ESPUMANTES;0;0;0;0;0;0;0;0;0;0;0;0;0;0;0;0;0;0;0;0;0;0;0;0;0;0;0;0;0;0;0;0;0;0;0;0;0;0;0;0;0;0;0;0;0;0;0;0;0;0;0;0;0;0;0;0;0;0;0;0;0;0;0;0;0;0;0;0;0;0;0;0;0;0;0;0;0;0;0;0;0;0;0;0;0;0;0;0;0;0;0;0;11;711;0;0;576;4031;0;0;481;15222;66;376;0;0
Tunisia;ESPUMANTES;0;0;0;0;0;0;0;0;0;0;0;0;0;0;0;0;0;0;0;0;0;0;0;0;0;0;0;0;0;0;0;0;0;0;0;0;0;0;0;0;0;0;0;0;0;0;0;0;0;0;0;0;0;0;0;0;0;0;0;0;0;0;0;0;0;0;0;0;0;0;0;0;0;0;0;0;0;0;0;0;0;0;870;2091;1988;4035;800;3887;0;0;0;0;0;0;0;0;0;0;0;0;0;0;0;0;0;0
Ucrânia;ESPUMANTES;0;0;0;0;0;0;0;0;0;0;0;0;0;0;0;0;0;0;0;0;0;0;0;0;0;0;0;0;0;0;0;0;0;0;0;0;0;0;0;0;0;0;0;0;0;0;0;0;0;0;0;0;0;0;0;0;0;0;0;0;0;0;0;0;0;0;0;0;0;0;0;0;0;0;0;0;0;0;0;0;0;0;0;0;0;0;0;0;0;0;0;0;1739;2423;0;0;0;0;0;0;0;0;0;0;1330;1616
Uruguai;ESPUMANTES;0;0;0;0;0;0;0;0;0;0;0;0;0;0;0;0;0;0;0;0;0;0;0;0;0;0;0;0;0;0;0;0;0;0;0;0;0;0;0;0;0;0;0;0;0;0;0;0;0;0;0;0;11813;44125;8161;33049;2430;9720;0;0;1746;4140;9417;35558;887;4090;1722;5100;180;1440;193;372;10755;51557;7807;20021;1755;8372;900;10200;5850;19080;135;932;87;600;0;0;1068;3310;1760;2832;7880;42863;1080;7920;776;5786;2241;22983;2908;18124;8947;47217;1206;5579
Não consta na tabela;ESPUMANTES;0;0;0;0;0;0;0;0;0;0;0;0;0;0;0;0;0;0;0;0;0;0;0;0;0;0;0;0;0;0;0;0;0;0;0;0;0;0;0;0;0;0;0;0;0;0;0;0;0;0;0;0;3133;23378;0;0;0;0;0;0;0;0;0;0;0;0;0;0;0;0;0;0;0;0;0;0;0;0;0;0;0;0;0;0;0;0;0;0;0;0;0;0;0;0;0;0;0;0;0;0;0;0;0;0;0;0
Não declarados;ESPUMANTES;0;0;0;0;0;0;0;0;0;0;0;0;0;0;0;0;0;0;0;0;0;0;0;0;0;0;0;0;0;0;0;0;0;0;0;0;0;0;0;0;0;0;0;0;0;0;0;0;0;0;0;0;140;571;0;0;0;0;0;0;0;0;0;0;0;0;0;0;0;0;0;0;0;0;0;0;0;0;0;0;0;0;0;0;0;0;0;0;0;0;0;0;0;0;0;0;0;0;0;0;0;0;0;0;0;0
Outros;ESPUMANTES;291;1859;3772;2358;576;454;24;10054;1801;2999;13096;17961;20;118;0;0;0;0;0;0;0;0;6075;15875;1350;10200;1188;8588;1080;7152;450;700;2934;5056;0;0;1800;2600;0;0;1170;5042;3935;12358;688;3301;3902;10176;8979;19787;20108;40703;8771;34875;6414;58248;2720;16836;2117;5818;2575;16650;450;1359;0;0;0;0;0;0;1043;3445;7389;27891;7338;42896;0;0;972;2665;0;0;0;0;0;0;0;0;0;0;0;0;0;0;0;0;0;0;0;0;0;0;0;0;0;0
Argélia;UVAS FRESCAS;0;0;0;0;0;0;0;0;0;0;0;0;0;0;0;0;0;0;0;0;0;0;0;0;0;0;0;0;0;0;0;0;0;0;0;0;0;0;0;0;0;0;0;0;0;0;0;0;0;0;0;0;0;0;0;0;0;0;0;0;0;0;0;0;0;0;0;0;0;0;0;0;0;0;0;0;0;0;0;0;0;0;0;0;0;0;0;0;0;0;0;0;0;0;0;0;0;0;0;0;21746;34476;0;0;0;0
Argentina;UVAS FRESCAS;2412831;782408;1805310;684328;1965010;779841;396840;253061;1179250;591328;527100;313210;1219700;651150;1974174;1065046;1998590;1256166;490090;419189;276000;253558;241000;270013;1004840;767208;1394060;864456;251900;146965;208150;125910;267240;189890;773500;587095;2861962;2115752;5466862;4014451;6901560;4832246;4050739;3127738;1836310;1550210;972100;900700;1477530;1323381;4102859;3689808;4952178;4456961;3570021;3385638;2400369;2322697;1616655;1432080;740793;755810;1228557;1004140;4140804;2003875;3475542;1771221;3344442;2027559;3357125;2211505;5891839;4708157;8236176;7307566;8941022;10223013;7453027;8062155;11559264;15926306;13438557;19759895;8714800;13595978;5810559;10558621;2758211;4852008;3569873;5636226;3931377;5771032;2097970;3302565;1616855;2499358;3211513;4659791;1798220;2559671;1356735;1696659;771187;1053519
Brasil;UVAS FRESCAS;0;0;0;0;0;0;0;0;0;0;0;0;0;0;0;0;0;0;0;0;0;0;0;0;0;0;0;0;0;0;0;0;0;0;0;0;0;0;0;0;0;0;0;0;0;0;0;0;0;0;0;0;0;0;0;0;0;0;0;0;0;0;0;0;0;0;0;0;0;0;0;0;0;0;0;0;0;0;0;0;0;0;0;0;14612;37412;0;0;0;0;0;0;0;0;0;0;0;0;0;0;0;0;0;0;0;0
Chile;UVAS FRESCAS;1557316;409704;1485897;381705;1680664;578569;2472710;958295;2154407;958383;2276355;1261496;3120369;1806900;2802160;1635475;3320968;2178091;3032695;2400561;1334991;1237355;1423377;1374551;1999116;1798239;1217488;922064;880497;695522;598037;424806;1757520;1237918;1812678;1467787;2507118;1776746;6876507;5594118;7022798;6150550;7895955;7033148;2757676;2484872;3187970;3053050;5195415;4483546;17084555;13501738;51322639;24792241;17258803;20073972;23168025;25395308;6754643;6792509;8938298;8058967;6098723;4931007;6816565;5088679;4110431;3287533;2704764;1994691;4926533;4251604;5835551;5940649;7122019;7288258;3479598;4246892;10846054;12828213;11806542;17019296;18620819;27472449;22385291;36393910;24392313;43466944;25952434;47301298;24254096;36956724;18424582;30767570;18510455;29248621;16103415;25237521;9082957;13450429;4943446;6986630;3888723;5404163;6536258;9640996
Colômbia;UVAS FRESCAS;0;0;3312;2168;0;0;63645;37098;131888;85894;300449;229579;292849;252441;476525;383198;208954;183724;250150;229134;65176;83747;45880;59605;99070;123176;53450;59690;4500;5400;0;0;0;0;0;0;0;0;0;0;110770;104715;39800;38190;0;0;0;0;0;0;0;0;0;0;0;0;0;0;0;0;0;0;0;0;0;0;0;0;0;0;0;0;0;0;0;0;0;0;0;0;0;0;0;0;0;0;0;0;0;0;0;0;0;0;0;0;0;0;0;0;0;0;0;0;0;0
Egito;UVAS FRESCAS;0;0;0;0;0;0;0;0;0;0;0;0;0;0;0;0;0;0;0;0;0;0;0;0;0;0;0;0;0;0;0;0;0;0;0;0;0;0;0;0;0;0;0;0;0;0;0;0;0;0;0;0;0;0;0;0;0;0;0;0;0;0;0;0;0;0;0;0;0;0;0;0;0;0;0;0;0;0;0;0;0;0;0;0;0;0;0;0;0;0;0;0;0;0;0;0;0;0;0;0;0;0;0;0;27760;53709
Espanha;UVAS FRESCAS;1231522;404105;1371457;433924;617898;209416;447401;199420;440559;210385;116765;55435;0;0;0;0;0;0;70000;40600;0;0;0;0;0;0;0;0;60000;24000;0;0;0;0;0;0;0;0;0;0;0;0;0;0;0;0;0;0;0;0;0;0;0;0;17000;17000;66600;75177;74760;105616;103344;126562;81774;80414;32664;35942;0;0;7682;11128;102471;123893;315141;451525;111689;185310;30350;75904;124345;253794;212463;325707;993310;1894982;393387;679189;246827;505467;401281;716423;145066;257656;431567;628571;243947;403978;83212;164529;51079;109171;0;0;0;0;0;0
Estados Unidos;UVAS FRESCAS;94669;39610;12403;5760;17250;8980;119095;79765;59064;40145;49955;33535;19778;19416;29160;23701;15370;17394;35014;27840;167893;165275;19523;18945;5060;7590;9240;14910;6490;10060;5400;9045;10800;18630;19400;29840;28800;49680;43781;74756;646956;1027570;136642;199080;134098;126758;333284;378605;1570874;1597414;2395752;2559002;2439010;2690109;2159867;2339671;829630;914080;104374;92592;119829;123847;47841;64445;13416;24833;26458;24403;14655;17500;1224;4134;43696;114408;79849;180303;91055;247523;120861;283233;89492;241211;3265;16288;32458;85451;80518;205104;50811;166753;16504;65265;3522;21093;2164;17056;15100;40981;1343;10481;0;0;0;0;0;0
Grécia;UVAS FRESCAS;126248;25488;74700;14940;58500;13009;90000;35000;0;0;0;0;0;0;0;0;0;0;0;0;0;0;90000;32000;0;0;0;0;0;0;0;0;0;0;0;0;0;0;0;0;0;0;0;0;0;0;0;0;0;0;0;0;0;0;0;0;0;0;0;0;0;0;0;0;0;0;0;0;0;0;0;0;0;0;0;0;0;0;0;0;0;0;0;0;0;0;0;0;0;0;0;0;0;0;0;0;0;0;0;0;0;0;0;0;0;0
Itália;UVAS FRESCAS;0;0;9960;1195;0;0;0;0;0;0;0;0;0;0;0;0;0;0;0;0;0;0;0;0;0;0;0;0;0;0;0;0;0;0;0;0;0;0;0;0;0;0;0;0;0;0;0;0;0;0;0;0;0;0;0;0;0;0;0;0;0;0;0;0;0;0;0;0;0;0;0;0;15750;27733;0;0;0;0;14439;40411;190141;438972;552911;1045123;1154322;2161324;1073920;2303222;1228338;2274045;1053083;1856161;589675;1002856;788663;1442078;334544;610245;591991;1020673;0;0;0;0;0;0
México;UVAS FRESCAS;23240;11024;12000;4800;0;0;2500;1500;0;0;0;0;0;0;0;0;0;0;59980;53982;0;0;0;0;0;0;0;0;0;0;0;0;0;0;0;0;0;0;0;0;0;0;0;0;0;0;0;0;0;0;4504;8548;0;0;0;0;0;0;37170;28860;0;0;0;0;0;0;0;0;0;0;0;0;0;0;0;0;16656;42034;31200;93644;432639;1025498;233856;601883;173184;388467;298656;742610;184747;398096;133608;307654;0;0;0;0;0;0;0;0;0;0;0;0;414622;902301
Peru;UVAS FRESCAS;0;0;0;0;0;0;0;0;0;0;0;0;0;0;0;0;1500;1425;0;0;3500;2625;0;0;0;0;0;0;0;0;0;0;0;0;0;0;0;0;0;0;0;0;0;0;0;0;0;0;0;0;0;0;0;0;0;0;0;0;1700;1394;0;0;0;0;0;0;0;0;0;0;0;0;0;0;0;0;0;0;75550;135846;504154;1097870;240389;580014;426468;1040103;728022;1798788;3184984;6629415;2645931;4885560;4399499;7646918;2553897;4729591;947045;1936467;1585923;2862870;487080;852856;75768;151819;0;0
Paraguai;UVAS FRESCAS;0;0;0;0;0;0;0;0;0;0;0;0;0;0;0;0;0;0;0;0;0;0;0;0;0;0;0;0;0;0;0;0;0;0;0;0;0;0;0;0;0;0;0;0;50004;50004;0;0;100000;83333;0;0;4723;5495;0;0;0;0;0;0;0;0;0;0;0;0;0;0;0;0;0;0;0;0;0;0;0;0;0;0;0;0;0;0;0;0;0;0;0;0;0;0;0;0;0;0;0;0;0;0;0;0;0;0;0;0
Portugal;UVAS FRESCAS;28150;13872;800;438;1000;2069;0;0;0;0;0;0;0;0;0;0;0;0;0;0;0;0;0;0;0;0;0;0;0;0;0;0;0;0;0;0;0;0;0;0;0;0;0;0;0;0;0;0;0;0;0;0;0;0;8500;11900;0;0;0;0;0;0;0;0;0;0;0;0;0;0;0;0;0;0;0;0;6640;13583;0;0;0;0;0;0;0;0;0;0;0;0;0;0;0;0;0;0;0;0;0;0;0;0;0;0;0;0
Panamá;UVAS FRESCAS;0;0;0;0;50;51;0;0;0;0;0;0;0;0;0;0;0;0;0;0;0;0;0;0;0;0;0;0;0;0;0;0;0;0;0;0;0;0;0;0;0;0;0;0;0;0;0;0;0;0;0;0;0;0;0;0;0;0;0;0;0;0;0;0;0;0;0;0;0;0;0;0;0;0;0;0;0;0;0;0;0;0;0;0;0;0;0;0;0;0;0;0;0;0;0;0;0;0;0;0;0;0;0;0;0;0
Reino Unido;UVAS FRESCAS;0;0;0;0;120;85;0;0;0;0;0;0;0;0;0;0;0;0;0;0;0;0;0;0;0;0;0;0;0;0;0;0;0;0;0;0;0;0;0;0;0;0;0;0;0;0;0;0;0;0;0;0;0;0;0;0;0;0;0;0;0;0;0;0;0;0;0;0;0;0;0;0;0;0;0;0;0;0;0;0;0;0;0;0;0;0;0;0;0;0;0;0;0;0;0;0;0;0;0;0;0;0;0;0;0;0
Uruguai;UVAS FRESCAS;0;0;0;0;0;0;6300;3020;0;0;0;0;0;0;0;0;0;0;0;0;0;0;0;0;0;0;0;0;0;0;0;0;0;0;0;0;0;0;1050000;920000;0;0;8627;8196;7949;7551;1000;872;3400;3720;16500;21450;23660;30150;26816;22656;25328;24952;9296;8130;1080;960;0;0;0;0;0;0;0;0;0;0;3600;2200;0;0;0;0;0;0;0;0;0;0;0;0;0;0;0;0;0;0;0;0;0;0;0;0;0;0;0;0;0;0;0;0
Venezuela;UVAS FRESCAS;0;0;400;511;3357;7565;4672;9185;4006;6239;12734;20457;500;1168;0;0;0;0;0;0;0;0;0;0;0;0;0;0;0;0;0;0;0;0;0;0;0;0;0;0;0;0;0;0;0;0;750;450;36940;9122;284005;26013;57195;26287;18967;9207;2115;1050;0;0;0;0;0;0;0;0;0;0;0;0;0;0;0;0;0;0;0;0;0;0;0;0;0;0;0;0;0;0;0;0;0;0;0;0;0;0;0;0;0;0;0;0;0;0;0;0
Não consta na tabela;UVAS FRESCAS;0;0;0;0;0;0;0;0;0;0;0;0;0;0;0;0;0;0;0;0;0;0;0;0;0;0;0;0;0;0;0;0;0;0;0;0;0;0;0;0;0;0;0;0;0;0;0;0;0;0;0;0;17722;14976;0;0;0;0;0;0;0;0;0;0;0;0;0;0;0;0;0;0;0;0;0;0;0;0;0;0;0;0;0;0;0;0;0;0;0;0;0;0;0;0;0;0;0;0;0;0;0;0;0;0;0;0
Outros;UVAS FRESCAS;0;0;0;0;0;0;0;0;0;0;0;0;0;0;0;0;0;0;0;0;0;0;0;0;0;0;0;0;0;0;0;0;0;0;0;0;0;0;0;0;0;0;0;0;0;0;13716;22020;0;0;3616;3638;79;250;162376;41074;0;0;0;0;0;0;0;0;0;0;0;0;0;0;0;0;0;0;0;0;0;0;0;0;0;0;0;0;0;0;0;0;0;0;0;0;0;0;0;0;0;0;0;0;0;0;0;0;0;0
Afeganistão;UVAS PASSAS;0;0;0;0;0;0;0;0;0;0;0;0;0;0;0;0;0;0;0;0;0;0;0;0;0;0;0;0;0;0;0;0;0;0;0;0;0;0;0;0;0;0;0;0;0;0;0;0;0;0;0;0;0;0;0;0;0;0;0;0;0;0;0;0;0;0;0;0;0;0;0;0;0;0;0;0;0;0;0;0;18000;28050;400000;669059;0;0;18000;32600;456000;789790;125000;179545;0;0;0;0;0;0;40000;65452;0;0;0;484;0;0
África do Sul;UVAS PASSAS;0;0;0;0;0;0;0;0;0;0;72000;54360;0;0;0;0;0;0;0;0;0;0;0;0;0;0;0;0;0;0;0;0;0;0;0;0;0;0;0;0;0;0;0;0;0;0;0;0;0;0;0;0;0;0;15253;29681;178585;341606;66912;123771;35617;54452;152070;190827;88885;103632;59000;96513;0;0;17940;23195;19000;27050;99500;215677;641051;1032307;195000;563360;700846;2037012;184250;596923;986750;3527083;0;0;2220275;3507617;1418063;3278109;617500;1487082;370500;942442;1089700;3106052;270875;763921;616688;1433381;327000;531327;657826;1266633
Alemanha, República Democrática;UVAS PASSAS;0;0;0;0;3000;3366;0;0;0;0;29988;2283;0;0;0;0;0;0;0;0;0;0;0;0;0;0;0;0;0;0;0;0;0;0;0;0;0;0;0;0;0;0;0;0;0;0;0;0;3;8;12;22;29;31;95005;107123;143;101;0;0;0;0;0;0;0;0;0;0;0;0;0;0;0;0;0;0;0;0;0;0;0;0;0;0;0;0;0;0;0;0;0;0;0;0;0;0;0;0;0;0;0;0;0;0;0;0
Arábia Saudita;UVAS PASSAS;0;0;0;0;0;0;0;0;0;0;0;0;0;0;0;0;0;0;0;0;0;0;0;0;0;0;0;0;0;0;0;0;0;0;0;0;0;0;0;0;0;0;0;0;0;0;0;0;0;0;0;0;0;0;0;0;0;0;0;0;0;0;0;0;0;0;18000;16900;0;0;0;0;0;0;0;0;0;0;0;0;0;0;0;0;0;0;0;0;0;0;0;0;0;0;0;0;0;0;0;0;0;0;0;0;0;0
Argentina;UVAS PASSAS;1530058;845068;1206326;936632;1047482;981648;1277380;1848195;1004987;1154210;1583972;1142114;2731566;2573741;2549687;2663929;2385266;2683017;1527094;3998797;1586137;3707049;1558200;1937074;1875664;1739134;2238826;1476166;1662475;1626556;1519220;1420332;2116776;2515764;3011500;2988697;7894789;7741832;6392930;6765394;3758190;3641098;4726726;4931971;3061443;4023359;1772727;3079487;4433113;5435003;4172453;4708913;7103048;8416185;5673231;8436301;4237403;6256924;3438508;4855950;3367629;3886025;2634368;2444780;10502997;7213368;6449180;5741921;12287672;14106821;10271403;12379126;11555010;14810371;15203133;19187668;15641645;26994373;17209323;24106889;17279688;34499504;20533473;43262321;19728826;43648893;20571302;47105230;14681136;34049473;20905602;32341307;23280908;34643821;19742996;34422405;23564519;43501396;24135143;48810789;24992502;36743996;24015825;33337604;20829418;35659325
Austrália;UVAS PASSAS;0;0;0;0;89025;52819;0;0;88754;88567;66750;59852;0;0;0;0;0;0;0;0;0;0;0;0;0;0;0;0;0;0;0;0;0;0;0;0;0;0;0;0;0;0;0;0;0;0;0;0;0;0;0;0;0;0;0;0;0;0;0;0;0;0;0;0;0;0;0;0;0;0;0;0;0;0;0;0;0;0;0;0;0;0;0;0;0;0;0;0;0;0;0;0;0;0;0;0;0;0;0;0;0;0;0;0;0;0
Bélgica;UVAS PASSAS;0;0;0;0;0;0;0;0;0;0;0;0;0;0;0;0;0;0;0;0;0;0;0;0;0;0;0;0;0;0;0;0;0;0;0;0;0;0;0;0;0;0;0;0;0;0;0;0;0;0;0;0;0;0;0;0;0;0;0;0;0;0;102625;55359;20750;17563;187450;141872;41500;30416;0;0;0;0;0;0;0;0;0;0;0;0;0;0;0;0;0;0;0;0;0;0;0;0;0;0;0;0;0;0;0;0;0;0;0;0
Chile;UVAS PASSAS;4000;1040;0;0;0;0;59747;66242;0;0;555818;714754;582102;643686;670742;1052119;756026;1278523;1088002;2567693;484040;1100566;327662;647273;961997;1572341;1258680;1527431;1100570;1051746;1730970;1608648;2792410;2668045;2810680;2854162;2747990;2277103;5592520;5272318;3431648;3543179;5372062;5582460;3149429;3817499;4604409;5788115;6568978;7727671;32331682;9055566;6036433;8191108;3882680;6518525;4033736;6056881;3853245;5815682;4909468;5801413;3223998;3319107;1108017;1020342;6011522;5283111;933010;1200730;534750;735554;3847300;4531374;1239130;1415636;2075850;3697242;4498510;6469816;814720;1660791;1127280;2614062;2046530;5049441;453310;1123963;2615382;5771763;747700;1522661;365670;613554;483305;971604;127231;290772;384437;1096176;286774;567197;225630;462855;3584100;5524707
China;UVAS PASSAS;0;0;0;0;0;0;0;0;0;0;0;0;0;0;0;0;0;0;0;0;0;0;0;0;0;0;0;0;0;0;0;0;0;0;0;0;0;0;0;0;0;0;0;0;0;0;0;0;0;0;0;0;0;0;0;0;0;0;0;0;0;0;0;0;0;0;0;0;0;0;0;0;0;0;0;0;0;0;0;0;0;0;0;0;0;0;0;0;0;0;0;0;0;0;0;0;0;0;0;0;172000;178472;110;76;0;0
China Continental;UVAS PASSAS;0;0;0;0;0;0;25000;5210;0;0;0;0;0;0;0;0;0;0;0;0;0;0;0;0;0;0;0;0;0;0;0;0;0;0;0;0;0;0;0;0;0;0;0;0;0;0;0;0;0;0;41;39;0;0;0;0;0;0;0;0;0;0;0;0;0;0;0;0;0;0;0;0;0;0;148000;250669;0;0;0;0;19000;39520;19200;51100;63000;216812;100027;193223;98050;142328;0;0;0;0;53000;65028;224165;279253;934000;1352954;0;0;0;0;0;0
Cingapura;UVAS PASSAS;0;0;0;0;0;0;0;0;0;0;0;0;0;0;0;0;0;0;0;0;0;0;0;0;0;0;0;0;0;0;0;0;0;0;0;0;0;0;0;0;0;0;0;0;0;0;0;0;0;0;0;0;0;0;0;0;0;0;0;0;0;0;0;0;0;0;0;0;0;0;0;0;0;0;0;0;0;0;0;0;0;0;38150;97572;0;0;40000;77213;0;0;0;0;0;0;0;0;0;0;0;0;0;0;0;0;0;0
Costa Rica;UVAS PASSAS;0;0;0;0;0;0;0;0;0;0;0;0;0;0;0;0;0;0;0;0;0;0;0;0;0;0;0;0;0;0;0;0;0;0;0;0;0;0;0;0;0;0;0;0;0;0;0;0;0;0;0;0;0;0;0;0;0;0;0;0;0;0;0;0;0;0;0;0;0;0;0;0;0;0;0;0;0;0;0;0;0;0;0;0;0;0;0;0;0;0;0;0;0;0;0;0;0;0;0;0;0;0;0;0;49000;95550
Emirados;UVAS PASSAS;0;0;0;0;0;0;0;0;0;0;0;0;0;0;0;0;0;0;0;0;0;0;0;0;0;0;0;0;0;0;0;0;0;0;0;0;0;0;0;0;0;0;0;0;196800;200604;0;0;36000;36181;49580;53853;31250;53081;89820;103183;17420;26546;0;0;17500;16119;36000;23190;18000;22750;271970;259971;329470;351485;489760;503598;182745;236628;0;0;124510;204910;39000;94203;20000;44949;35460;100631;19000;70026;240800;442625;100000;184835;40000;95856;0;0;0;0;0;0;0;0;0;0;0;0;0;0
Espanha;UVAS PASSAS;20000;9584;15000;14403;57208;59951;144000;170234;9500;14640;7500;15495;2000;5320;0;0;3000;10850;1680;7056;0;0;0;0;0;0;0;0;0;0;0;0;0;0;0;0;0;0;0;0;0;0;0;0;0;0;0;0;0;0;3222;8090;338;1158;6000;23763;6004;25691;288;1080;303;1096;0;0;0;0;0;0;0;0;0;0;0;0;0;0;0;0;0;0;0;0;0;0;0;0;0;0;0;0;0;0;0;0;0;0;0;0;1;24;0;0;0;0;0;0
Estados Unidos;UVAS PASSAS;415210;305494;429346;292067;411443;456999;538195;700181;953941;1447142;494268;674204;25285;46885;171998;378357;102285;251489;53591;227326;148029;387349;126804;326790;140722;266479;329134;395315;128745;132786;157087;165238;672895;991667;117167;178174;161093;268528;196634;331736;167980;337966;135629;210446;320890;457440;772669;1214020;832061;1241890;643784;990177;732591;1405841;1397848;2457078;1306508;2037588;514513;1094056;573211;1123705;487549;773763;427744;557678;504069;767763;470966;748024;448370;966879;493921;977964;370796;780250;448157;923410;347316;783086;526225;1274258;391515;1180759;512716;1619257;538319;1622047;369887;1113398;350138;1034494;236134;636045;257670;671036;42859;244215;90132;345044;105360;266627;109043;325880;115517;380380
França;UVAS PASSAS;0;0;0;0;0;0;0;0;0;0;0;0;0;0;0;0;0;0;0;0;0;0;0;0;0;0;0;0;0;0;0;0;0;0;0;0;0;0;0;0;0;0;0;0;0;0;0;0;0;0;20;7;49;386;0;0;19510;33593;0;0;0;0;0;0;0;0;0;0;0;0;0;0;0;0;0;0;0;0;0;0;0;0;0;0;1474;12148;720;6016;1600;3368;658;4705;0;0;0;0;0;0;0;0;0;0;0;0;0;0
Grécia;UVAS PASSAS;178475;56586;302825;95349;369763;134178;132420;180586;139103;149364;28335;22989;0;0;20000;23500;12500;12812;25000;36813;25000;50563;0;0;0;0;0;0;0;0;0;0;0;0;0;0;0;0;0;0;0;0;0;0;154975;160597;54000;56960;81012;101264;21220;27337;19000;27170;459500;499383;138000;151548;91000;130910;0;0;0;0;0;0;0;0;0;0;0;0;0;0;0;0;0;0;0;0;0;0;4095;25496;0;0;0;0;10000;24994;0;0;4000;9248;1950;4287;1600;5156;0;0;0;0;0;0;0;0
Guiana Britânica;UVAS PASSAS;334;202;0;0;0;0;0;0;0;0;0;0;0;0;0;0;0;0;0;0;0;0;0;0;0;0;0;0;0;0;0;0;0;0;0;0;0;0;0;0;0;0;0;0;0;0;0;0;0;0;0;0;0;0;0;0;0;0;0;0;0;0;0;0;0;0;0;0;0;0;0;0;0;0;0;0;0;0;0;0;0;0;0;0;0;0;0;0;0;0;0;0;0;0;0;0;0;0;0;0;0;0;0;0;0;0
Índia;UVAS PASSAS;0;0;0;0;0;0;0;0;0;0;0;0;0;0;0;0;0;0;0;0;0;0;0;0;0;0;0;0;0;0;0;0;0;0;0;0;0;0;0;0;0;0;0;0;0;0;0;0;0;0;0;0;0;0;0;0;0;0;0;0;0;0;0;0;0;0;0;0;0;0;0;0;0;0;0;0;0;0;128000;270168;0;0;0;0;166862;268758;36000;64213;247000;377422;57000;60717;162000;346815;397130;476398;736700;1007031;481000;677056;883000;813317;577250;504532;2767840;2568914
Irã;UVAS PASSAS;0;0;0;0;0;0;0;0;0;0;5;0;0;0;0;0;0;0;0;0;0;0;0;0;0;0;0;0;0;0;0;0;0;0;0;0;0;0;0;0;0;0;18500;17740;17800;24319;586390;642149;1013544;872062;369269;394150;34000;44200;226480;224265;16500;23475;1128400;1329891;700130;773013;1353836;780010;528875;368147;592175;558656;929370;1001650;893890;894899;1337820;1726898;1040345;1679789;1089540;1925865;112460;191560;4112310;6968914;533570;1250450;306700;995038;1415828;2617493;942500;1700379;184500;418722;493000;1113453;1194500;1975882;340000;817941;646000;1369316;435600;927189;514700;843794;403000;948438
Itália;UVAS PASSAS;33600;11396;27860;7104;70000;20790;59136;25428;69650;41790;150000;80854;0;0;0;0;0;0;0;0;0;0;0;0;0;0;0;0;0;0;0;0;0;0;0;0;0;0;0;0;0;0;0;0;0;0;0;0;0;0;0;0;0;0;40320;43142;0;0;0;0;0;0;0;0;0;0;0;0;0;0;0;0;0;0;2075;6600;1250;5491;0;0;0;0;10;39;0;0;0;0;0;0;0;0;0;0;0;0;0;0;0;0;0;0;0;0;0;0
Japão;UVAS PASSAS;0;0;7221;4458;0;0;0;0;0;0;0;0;0;0;0;0;0;0;0;0;0;0;0;0;0;0;0;0;0;0;0;0;0;0;0;0;0;0;0;0;0;0;0;0;0;0;0;0;0;0;0;0;0;0;0;0;0;0;0;0;0;0;0;0;0;0;0;0;0;0;0;0;0;0;0;0;0;0;0;0;0;0;0;0;0;0;0;0;0;0;0;0;0;0;0;0;0;0;0;0;0;0;0;0;0;0
México;UVAS PASSAS;170172;100310;209257;129483;150827;120736;28906;24653;40000;60896;234900;293712;172500;203960;686190;990436;778330;1154578;1126710;2530026;1336070;2674311;1228260;2382306;1214593;2115847;1485417;1944974;520390;578989;1194306;1202597;1164262;1113425;1180260;1246750;194910;223533;585700;807367;420100;623068;353640;533265;251100;371880;637474;894588;351600;529428;749518;938320;269500;311525;183000;308985;156160;219099;96000;137957;17500;32538;0;0;0;0;0;0;0;0;0;0;0;0;0;0;0;0;0;0;0;0;0;0;0;0;0;0;0;0;0;0;0;0;0;0;0;0;0;0;0;0;0;0;0;0
Países Baixos;UVAS PASSAS;104;91;0;0;0;0;0;0;0;0;0;0;12000;1038;0;0;0;0;0;0;0;0;0;0;0;0;0;0;0;0;0;0;0;0;0;0;0;0;0;0;0;0;0;0;0;0;0;0;0;0;0;0;0;0;0;0;0;0;0;0;0;0;0;0;0;0;0;0;0;0;0;0;0;0;0;0;0;0;0;0;0;0;0;0;0;0;0;0;0;0;0;0;0;0;0;0;0;0;0;0;0;0;0;0;0;0
Paraguai;UVAS PASSAS;0;0;0;0;0;0;0;0;0;0;20000;12000;0;0;0;0;0;0;0;0;0;0;0;0;0;0;0;0;0;0;0;0;0;0;0;0;0;0;0;0;0;0;0;0;0;0;0;0;22000;27500;0;0;0;0;0;0;0;0;0;0;0;0;0;0;0;0;0;0;0;0;0;0;0;0;0;0;0;0;0;0;0;0;0;0;0;0;0;0;0;0;0;0;0;0;0;0;0;0;0;0;0;0;0;0;0;0
Peru;UVAS PASSAS;0;0;0;0;0;0;0;0;0;0;0;0;0;0;0;0;0;0;0;0;0;0;0;0;0;0;0;0;0;0;0;0;0;0;0;0;0;0;0;0;0;0;0;0;0;0;0;0;0;0;0;0;0;0;0;0;0;0;0;0;0;0;0;0;0;0;0;0;0;0;0;0;0;0;0;0;0;0;0;0;0;0;0;0;0;0;0;0;0;0;0;0;0;0;10;10;0;0;0;0;0;0;0;0;0;0
Portugal;UVAS PASSAS;0;0;0;0;0;0;0;0;0;0;0;0;0;0;0;0;0;0;0;0;0;0;0;0;0;0;0;0;0;0;0;0;0;0;0;0;0;0;0;0;0;0;0;0;0;0;0;0;0;0;0;0;0;0;0;0;0;0;0;0;0;0;0;0;0;0;0;0;0;0;0;0;0;0;0;0;0;0;0;0;0;0;13;59;0;0;0;0;0;0;250;445;0;0;0;0;0;0;0;2;0;0;0;0;0;0
Reino Unido;UVAS PASSAS;39;29;211;174;276;249;0;0;0;0;0;0;0;0;0;0;0;0;0;0;0;0;0;0;0;0;0;0;0;0;0;0;0;0;0;0;0;0;0;0;0;0;0;0;0;0;0;0;0;0;0;0;0;0;0;0;0;0;0;0;0;0;0;0;0;0;0;0;0;0;0;0;0;0;0;0;0;0;0;0;0;0;0;0;0;0;0;0;10;170;25;426;21;402;66;1494;20;461;11;209;0;0;0;0;0;0
Suécia;UVAS PASSAS;12000;3866;0;0;0;0;0;0;0;0;0;0;0;0;0;0;0;0;0;0;0;0;0;0;0;0;0;0;0;0;0;0;0;0;0;0;0;0;0;0;0;0;0;0;0;0;0;0;0;0;0;0;0;0;0;0;0;0;0;0;0;0;0;0;0;0;0;0;0;0;0;0;0;0;0;0;0;0;0;0;0;0;0;0;0;0;0;0;0;0;0;0;0;0;0;0;0;0;0;0;0;0;0;0;0;0
Turquia;UVAS PASSAS;124832;41962;306025;88018;556402;169087;324242;276922;116338;118050;7000;4571;0;0;0;0;0;0;0;0;7000;11885;0;0;58996;74610;0;0;85288;65951;60120;48212;1102260;859244;189140;151522;1000;1225;55300;57715;4900;6860;36800;40816;435600;412348;593460;591601;975130;842411;158550;170454;615150;649499;4342570;4854419;5336758;5591214;6792500;6548193;5268800;4496527;8413300;4646072;987370;642681;913290;669604;1666888;1531208;2914500;2704370;2300140;2550285;792250;911049;124100;188996;126600;169075;2428575;4111212;987310;1735466;709785;1161161;0;0;1981070;3507617;1006000;1666760;2386092;3162573;2834805;4001169;262616;494370;427590;865709;607780;1210554;186000;311165;1477000;2602207
Uruguai;UVAS PASSAS;0;0;0;0;0;0;0;0;0;0;0;0;0;0;0;0;0;0;0;0;0;0;0;0;0;0;0;0;0;0;0;0;0;0;0;0;0;0;0;0;0;0;0;0;0;0;0;0;0;0;0;0;0;0;0;0;0;0;0;0;0;0;0;0;75000;47250;16800;17400;0;0;0;0;0;0;0;0;0;0;0;0;0;0;0;0;0;0;0;0;0;0;0;0;0;0;0;0;0;0;0;0;25000;35866;0;0;0;0
Uzbequistão;UVAS PASSAS;0;0;0;0;0;0;0;0;0;0;0;0;0;0;0;0;0;0;0;0;0;0;0;0;0;0;0;0;0;0;0;0;0;0;0;0;0;0;0;0;0;0;0;0;0;0;0;0;0;0;0;0;0;0;0;0;0;0;0;0;0;0;0;0;0;0;0;0;0;0;26000;18570;40000;32135;0;0;0;0;0;0;0;0;40000;63483;71900;127883;0;0;0;0;0;0;0;0;0;0;0;0;399630;624285;397030;450389;0;0;132000;165492
Venezuela;UVAS PASSAS;0;0;0;0;0;0;256;686;561;1236;2240;6252;270;817;0;0;0;0;0;0;0;0;0;0;0;0;0;0;0;0;0;0;0;0;0;0;0;0;0;0;0;0;0;0;0;0;1000;200;130;110;3015;1473;1210;437;750;283;40;14;0;0;0;0;0;0;0;0;0;0;0;0;0;0;0;0;0;0;0;0;0;0;0;0;0;0;0;0;0;0;0;0;0;0;0;0;0;0;0;0;0;0;0;0;0;0;0;0
Não consta na tabela;UVAS PASSAS;0;0;0;0;0;0;0;0;0;0;0;0;0;0;0;0;0;0;0;0;0;0;0;0;0;0;0;0;0;0;0;0;0;0;0;0;0;0;0;0;0;0;0;0;0;0;0;0;0;0;0;0;2;9;0;0;0;0;0;0;0;0;0;0;0;0;0;0;0;0;0;0;0;0;0;0;0;0;0;0;0;0;0;0;0;0;0;0;0;0;0;0;0;0;0;0;0;0;0;0;0;0;0;0;0;0
Outros;UVAS PASSAS;0;0;0;0;0;0;0;0;0;0;0;0;0;0;0;0;0;0;0;0;0;0;0;0;0;0;0;0;0;0;0;0;0;0;0;0;0;0;0;0;0;0;0;0;0;0;51;50;102;150;40054;24077;75;459;5475;10518;0;0;35150;46985;38375;45483;3967;4363;0;0;0;0;0;0;0;0;0;0;0;0;0;0;0;0;0;0;0;0;0;0;0;0;0;0;0;0;0;0;0;0;0;0;0;0;0;0;0;0;0;0
África do Sul;SUCO DE UVA;0;0;0;0;0;0;0;0;0;0;0;0;0;0;0;0;0;0;0;0;0;0;0;0;0;0;0;0;0;0;0;0;0;0;0;0;0;0;0;0;0;0;0;0;0;0;0;0;0;0;120252;110730;0;0;0;0;1605;1085;0;0;0;0;1200;665;0;0;0;0;1876;1124;12014;7685;10689;7312;12754;8635;14379;10961;11839;9400;37353;31729;38796;34605;74388;71839;67758;68254;43104;40489;13125;13209;7154;5841;22029;17551;21618;18334;0;0;0;0;0;0;0;0
Alemanha;SUCO DE UVA;0;0;0;0;0;0;0;0;0;0;5;1;0;0;0;0;0;0;0;0;0;0;0;0;0;0;0;0;0;0;0;0;0;0;0;0;0;0;0;0;0;0;0;0;1170;2497;2832;2704;4521;7206;4407;4792;13185;22088;2880;1901;0;0;0;0;0;0;0;0;0;0;0;0;600;1791;0;0;0;0;0;0;60850;68950;0;0;0;0;0;0;0;0;0;0;0;0;6496;46692;6540;75902;0;0;80;652;0;0;0;0;0;0;0;0
Argentina;SUCO DE UVA;0;0;0;0;0;0;3600;1350;10200;3500;6;5;0;0;0;0;2790;2850;0;0;0;0;0;0;0;0;0;0;0;0;0;0;1575080;713219;2452094;3673253;224130;163512;1901597;1339369;1875689;1367706;506860;499644;10200;6800;2950;3540;0;0;708655;549282;1050503;830357;2796195;2428563;2057726;1994801;2003660;1845406;2022110;1659478;1379960;869223;0;0;2237000;994132;850000;658747;974970;870222;1775000;1535250;1297680;1095590;0;0;0;0;108000;138240;0;0;0;0;0;0;0;0;0;0;59028;80898;72900;90518;2998;3139;0;0;0;0;0;0;0;0
Austria;SUCO DE UVA;0;0;0;0;0;0;0;0;0;0;0;0;0;0;0;0;0;0;0;0;0;0;0;0;0;0;0;0;0;0;0;0;0;0;0;0;0;0;0;0;0;0;0;0;0;0;0;0;0;0;1200;348;0;0;0;0;35210;16029;0;0;0;0;0;0;0;0;0;0;0;0;0;0;0;0;0;0;0;0;0;0;0;0;3264;3254;0;0;0;0;0;0;0;0;0;0;1333;1467;0;0;666;655;0;0;0;0;0;0
Canadá;SUCO DE UVA;0;0;0;0;0;0;0;0;0;0;0;0;0;0;0;0;0;0;0;0;0;0;0;0;0;0;0;0;0;0;0;0;0;0;0;0;30;233;0;0;0;0;0;0;0;0;0;0;19728;4558;26404;12195;21665;8124;995;691;0;0;0;0;0;0;0;0;0;0;0;0;0;0;0;0;0;0;0;0;0;0;0;0;0;0;0;0;0;0;0;0;0;0;0;0;0;0;0;0;0;0;0;0;0;0;0;0;0;0
Coreia do Sul, República;SUCO DE UVA;0;0;0;0;0;0;0;0;0;0;0;0;0;0;0;0;0;0;0;0;0;0;0;0;0;0;0;0;0;0;0;0;0;0;0;0;0;0;0;0;0;0;0;0;0;0;0;0;0;0;158204;117269;0;0;0;0;303420;250582;112762;90300;5141;1800;8255;2645;0;0;5400;2145;4805;1344;7379;2365;0;0;0;0;735;270;16661;17249;15080;18097;130902;136380;542548;577061;176796;227252;12655;14784;85145;49712;30022;44524;28927;41276;77955;99441;0;0;0;0;0;0;0;0
Coreia do Norte, República;SUCO DE UVA;0;0;0;0;0;0;0;0;0;0;0;0;0;0;0;0;0;0;0;0;0;0;0;0;0;0;0;0;0;0;0;0;0;0;0;0;0;0;0;0;0;0;0;0;0;0;0;0;0;0;0;0;0;0;0;0;56000;49405;25100;20413;11560;9062;19071;8389;0;0;0;0;0;0;0;0;0;0;0;0;0;0;0;0;0;0;0;0;0;0;0;0;16704;24698;15651;22621;0;0;0;0;0;0;0;0;0;0;0;0;0;0
Chile;SUCO DE UVA;0;0;0;0;0;0;0;0;0;0;0;0;0;0;0;0;0;0;0;0;0;0;0;0;0;0;0;0;0;0;0;0;0;0;0;0;0;0;0;0;100000;79000;100000;82500;0;0;5050;2940;158480;101920;563267;423616;476840;374322;118194;133715;0;0;136;253;0;0;1391570;1502228;27000;28350;0;0;0;0;0;0;0;0;225000;292500;100000;130000;0;0;1015000;3003445;0;0;0;0;0;0;0;0;23790;29024;94940;183525;0;0;0;0;0;0;0;0;0;0;0;0
China;SUCO DE UVA;0;0;0;0;0;0;0;0;0;0;0;0;0;0;0;0;0;0;0;0;0;0;0;0;0;0;0;0;0;0;0;0;0;0;0;0;0;0;0;0;0;0;0;0;0;0;0;0;0;0;5338;1465;0;0;0;0;4200;1715;0;0;0;0;0;0;0;0;0;0;0;0;0;0;0;0;0;0;0;0;0;0;0;0;0;0;0;0;0;0;0;0;0;0;0;0;2475;2098;0;0;0;0;0;0;0;0;0;0
Dinamarca;SUCO DE UVA;0;0;34;16;20;8;80;38;0;0;0;0;0;0;0;0;0;0;49;64;0;0;0;0;0;0;0;0;0;0;0;0;0;0;0;0;0;0;0;0;0;0;0;0;0;0;0;0;0;0;0;0;0;0;0;0;0;0;0;0;0;0;0;0;0;0;0;0;0;0;0;0;0;0;0;0;0;0;0;0;0;0;0;0;0;0;0;0;0;0;0;0;0;0;0;0;0;0;0;0;0;0;0;0;0;0
Espanha;SUCO DE UVA;0;0;0;0;0;0;0;0;0;0;0;0;0;0;0;0;0;0;0;0;0;0;0;0;0;0;0;0;0;0;0;0;0;0;0;0;0;0;0;0;0;0;0;0;0;0;0;0;0;0;4617;2836;3058;955;2208;1945;3986;2780;0;0;0;0;0;0;0;0;0;0;0;0;0;0;0;0;0;0;0;0;0;0;0;0;0;0;0;0;9588;8215;0;0;0;0;0;0;0;0;422;806;0;0;0;0;0;0;0;0
Estados Unidos;SUCO DE UVA;0;0;210;777;0;0;7;7;731;406;3364;859;3265;742;0;0;0;0;0;0;0;0;0;0;0;0;0;0;0;0;0;0;0;0;954;3280;0;0;1958;2350;0;0;12543;11798;0;0;3597;3040;4639;5286;51921;200121;15892;11721;15896;8557;16985;11059;5394;11240;10338;19754;6089;11831;0;0;3536;4555;10450;13762;9044;12130;20842;25866;2028;3604;8455;14898;13178;24066;10657;17793;12487;13866;13498;9740;32044;34722;0;0;23578;28765;68730;108205;32691;40554;14541;8226;9273;14093;28180;25418;25693;16742;29414;16781
França;SUCO DE UVA;0;0;81;48;36;32;27;36;0;0;0;0;0;0;0;0;0;0;0;0;0;0;0;0;0;0;0;0;0;0;0;0;0;0;0;0;0;0;0;0;0;0;0;0;0;0;0;0;0;0;74489;61975;14;52;0;0;0;0;0;0;0;0;0;0;0;0;6;5;0;0;0;0;0;0;0;0;0;0;0;0;0;0;0;0;0;0;0;0;0;0;862;2229;0;0;0;0;0;0;0;0;0;0;0;0;0;0
Guiana;SUCO DE UVA;0;0;0;0;0;0;35;12;0;0;0;0;0;0;0;0;0;0;0;0;0;0;0;0;0;0;0;0;0;0;0;0;0;0;0;0;0;0;0;0;0;0;0;0;0;0;0;0;0;0;0;0;0;0;0;0;0;0;0;0;0;0;0;0;0;0;0;0;0;0;0;0;0;0;0;0;0;0;0;0;0;0;0;0;0;0;0;0;0;0;0;0;0;0;0;0;0;0;0;0;0;0;0;0;0;0
Israel;SUCO DE UVA;0;0;0;0;0;0;0;0;18;8;225;112;405;225;0;0;0;0;0;0;0;0;0;0;0;0;0;0;0;0;0;0;0;0;0;0;234;240;468;480;0;0;421;643;312;476;291;538;180;250;135;187;4079;2483;3700;1488;11663;6217;374;282;840;1400;1170;2192;0;0;0;0;2475;3891;5879;8140;3249;4082;1965;2857;900;1551;900;1783;1125;1684;0;0;1139;2021;2528;4831;0;0;2575;4651;1200;1656;5340;7399;840;1034;3360;3609;0;0;720;969;0;0
Itália;SUCO DE UVA;0;0;0;0;0;0;0;0;0;0;0;0;0;0;0;0;0;0;0;0;0;0;0;0;0;0;0;0;0;0;0;0;0;0;0;0;0;0;0;0;0;0;0;0;0;0;0;0;0;0;0;0;0;0;0;0;0;0;0;0;0;0;0;0;0;0;0;0;0;0;0;0;0;0;0;0;0;0;0;0;0;0;0;0;0;0;771457;408318;0;0;225;771;774;1594;1161;4254;0;0;0;0;0;0;0;0;0;0
Japão;SUCO DE UVA;0;0;0;0;0;0;0;0;0;0;0;0;0;0;0;0;0;0;0;0;0;0;0;0;0;0;0;0;0;0;0;0;0;0;0;0;0;0;0;0;0;0;0;0;175;226;0;0;800;800;760;640;0;0;270;60;0;0;0;0;0;0;0;0;0;0;0;0;0;0;0;0;0;0;0;0;0;0;0;0;0;0;0;0;0;0;0;0;0;0;0;0;0;0;0;0;0;0;0;0;0;0;0;0;0;0
Líbano;SUCO DE UVA;0;0;0;0;0;0;0;0;0;0;0;0;0;0;0;0;0;0;0;0;0;0;0;0;0;0;0;0;0;0;0;0;0;0;0;0;0;0;0;0;455;819;0;0;0;0;0;0;0;0;0;0;0;0;0;0;0;0;0;0;0;0;0;0;0;0;0;0;0;0;0;0;0;0;0;0;0;0;0;0;0;0;0;0;0;0;0;0;0;0;0;0;0;0;0;0;0;0;0;0;0;0;0;0;0;0
México;SUCO DE UVA;0;0;0;0;0;0;0;0;0;0;0;0;0;0;0;0;0;0;0;0;0;0;0;0;0;0;0;0;0;0;0;0;0;0;0;0;0;0;0;0;0;0;0;0;0;0;0;0;0;0;2490;1523;44668;36188;504734;271595;1919238;863521;314075;108319;0;0;0;0;0;0;0;0;0;0;0;0;0;0;0;0;0;0;0;0;0;0;0;0;0;0;0;0;0;0;0;0;0;0;0;0;0;0;0;0;0;0;0;0;0;0
Países Baixos;SUCO DE UVA;0;0;0;0;0;0;0;0;0;0;0;0;0;0;0;0;0;0;0;0;0;0;0;0;0;0;0;0;0;0;0;0;0;0;0;0;0;0;0;0;0;0;0;0;0;0;0;0;0;0;0;0;0;0;0;0;0;0;0;0;0;0;0;0;0;0;0;0;0;0;0;0;0;0;0;0;0;0;0;0;0;0;0;0;0;0;0;0;0;0;0;0;0;0;0;0;0;0;0;0;0;0;0;0;0;0
Panamá;SUCO DE UVA;0;0;0;0;0;0;0;0;0;0;0;0;0;0;0;0;0;0;0;0;0;0;0;0;48;99;0;0;0;0;0;0;0;0;0;0;0;0;0;0;0;0;0;0;0;0;0;0;0;0;0;0;0;0;0;0;0;0;0;0;0;0;0;0;0;0;0;0;0;0;0;0;0;0;0;0;0;0;0;0;0;0;0;0;0;0;0;0;0;0;0;0;0;0;0;0;0;0;0;0;0;0;0;0;0;0
Peru;SUCO DE UVA;0;0;0;0;0;0;0;0;0;0;0;0;0;0;0;0;0;0;0;0;0;0;0;0;0;0;0;0;0;0;0;0;0;0;0;0;0;0;0;0;0;0;0;0;0;0;0;0;0;0;0;0;0;0;0;0;0;0;0;0;0;0;0;0;0;0;0;0;0;0;0;0;0;0;0;0;0;0;0;0;0;0;0;0;0;0;0;0;0;0;0;0;10238;8908;38321;37176;0;0;0;0;0;0;0;0;0;0
Portugal;SUCO DE UVA;0;0;160;109;125;82;1402;732;0;0;0;0;0;0;0;0;0;0;0;0;0;0;0;0;0;0;0;0;0;0;0;0;0;0;0;0;0;0;0;0;0;0;0;0;0;0;0;0;0;0;0;0;0;0;0;0;0;0;0;0;0;0;0;0;0;0;0;0;0;0;0;0;0;0;0;0;0;0;0;0;0;0;0;0;1151;3796;0;0;0;0;0;0;0;0;4500;5576;0;0;0;0;0;0;0;0;0;0
Reino Unido;SUCO DE UVA;0;0;0;0;458;189;244;129;0;0;0;0;0;0;0;0;0;0;0;0;0;0;0;0;0;0;0;0;0;0;0;0;0;0;0;0;0;0;0;0;0;0;0;0;0;0;0;0;0;0;0;0;1734;1201;0;0;0;0;0;0;0;0;0;0;0;0;0;0;0;0;0;0;0;0;0;0;0;0;0;0;0;0;1632;1016;0;0;0;0;0;0;0;0;0;0;0;0;0;0;0;0;0;0;0;0;0;0
Taiwan;SUCO DE UVA;0;0;0;0;0;0;0;0;0;0;0;0;0;0;0;0;0;0;0;0;0;0;0;0;0;0;0;0;0;0;0;0;0;0;0;0;0;0;0;0;0;0;0;0;0;0;0;0;0;0;0;0;0;0;0;0;0;0;0;0;0;0;0;0;0;0;0;0;0;0;0;0;0;0;0;0;0;0;0;0;0;0;0;0;1632;1034;3672;2328;2040;1294;0;0;0;0;0;0;0;0;0;0;0;0;0;0;0;0
Turquia;SUCO DE UVA;0;0;0;0;0;0;0;0;0;0;0;0;0;0;0;0;0;0;0;0;0;0;0;0;0;0;0;0;0;0;0;0;0;0;0;0;0;0;0;0;0;0;0;0;0;0;0;0;0;0;0;0;0;0;0;0;0;0;0;0;0;0;0;0;0;0;0;0;0;0;0;0;0;0;0;0;0;0;0;0;0;0;0;0;6210;15446;0;0;13428;10216;5052;3846;0;0;27816;19461;0;0;0;0;0;0;0;0;0;0
Uruguai;SUCO DE UVA;0;0;0;0;0;0;0;0;0;0;0;0;15000;4500;0;0;0;0;0;0;0;0;0;0;0;0;0;0;0;0;0;0;0;0;0;0;0;0;0;0;0;0;0;0;0;0;0;0;0;0;0;0;0;0;2500;1440;0;0;0;0;0;0;0;0;0;0;0;0;0;0;0;0;0;0;0;0;0;0;0;0;2139;1783;5786;4989;0;0;0;0;0;0;0;0;0;0;0;0;225;600;0;0;0;0;0;0;0;0
Venezuela;SUCO DE UVA;0;0;0;0;0;0;127;185;0;0;0;0;0;0;0;0;0;0;0;0;0;0;0;0;0;0;0;0;0;0;0;0;0;0;0;0;0;0;0;0;0;0;0;0;0;0;0;0;0;0;612;568;0;0;0;0;0;0;0;0;0;0;0;0;0;0;0;0;0;0;0;0;0;0;0;0;0;0;0;0;0;0;0;0;0;0;0;0;0;0;0;0;0;0;0;0;0;0;0;0;0;0;0;0;0;0
Outros;SUCO DE UVA;0;0;0;0;0;0;0;0;0;0;0;0;0;0;0;0;0;0;0;0;0;0;0;0;0;0;0;0;0;0;0;0;0;0;0;0;0;0;0;0;0;0;0;0;0;0;17186;8917;40266;18231;101957;31577;255509;138561;380790;384466;0;0;3186;1695;3004;911;0;0;0;0;0;0;0;0;0;0;0;0;0;0;0;0;0;0;0;0;0;0;0;0;0;0;0;0;0;0;0;0;0;0;0;0;0;0;0;0;0;0;0;0
